name,cif_file,Di,Df,Dif,rho,VSA,GSA,VPOV,GPOV,POAV_vol_frac,PONAV_vol_frac,GPOAV,GPONAV,POAV,PONAV
MOF_net-acs-a_node1-N10_edge1-E0,MOF_net-acs-a_node1-N10_edge1-E0.cif,36.36041,33.10801,36.36041,0.143916,839.738,5834.93,0.9016,6.264765557686428,0.9016,0.0,6.26478,0.0,76045.4,0.0
MOF_net-acs-a_node1-N10_edge1-E1,MOF_net-acs-a_node1-N10_edge1-E1.cif,43.91529,39.81246,43.91529,0.108294,691.099,6381.69,0.9142,8.441834265979647,0.9142,0.0,8.44183,0.0,165798.0,0.0
MOF_net-acs-a_node1-N10_edge1-E10,MOF_net-acs-a_node1-N10_edge1-E10.cif,24.64309,22.45559,24.64309,0.295145,1174.8,3980.42,0.8314,2.8169204967050097,0.8314,0.0,2.81692,0.0,27895.1,0.0
MOF_net-acs-a_node1-N10_edge1-E15,MOF_net-acs-a_node1-N10_edge1-E15.cif,49.40901,44.45326,49.40901,0.0811965,555.556,6842.12,0.9397,11.573158941579994,0.9397,0.0,11.5732,0.0,170040.0,0.0
MOF_net-acs-a_node1-N10_edge1-E2,MOF_net-acs-a_node1-N10_edge1-E2.cif,23.73833,19.05552,23.45821,0.285578,1239.55,4340.51,0.8468,2.965214407272269,0.8468,0.0,2.96522,0.0,29127.8,0.0
MOF_net-acs-a_node1-N10_edge1-E5,MOF_net-acs-a_node1-N10_edge1-E5.cif,31.86308,27.80337,31.54624,0.166157,924.957,5566.75,0.9014,5.424989618252616,0.9014,0.0,5.42498,0.0,51559.9,0.0
MOF_net-acs-a_node1-N10_edge1-none,MOF_net-acs-a_node1-N10_edge1-none.cif,14.99208,11.77452,14.99208,0.568172,1729.7,3044.33,0.7796,1.3721197102285927,0.7796,0.0,1.37212,0.0,6142.16,0.0
MOF_net-acs-a_node1-N18_edge1-E0,MOF_net-acs-a_node1-N18_edge1-E0.cif,38.5211,35.5857,38.5211,0.170328,865.233,5079.79,0.8937,5.24693532478512,0.8937,0.0,5.24692,0.0,70931.0,0.0
MOF_net-acs-a_node1-N18_edge1-E1,MOF_net-acs-a_node1-N18_edge1-E1.cif,49.58526,44.14034,49.58526,0.121778,723.131,5938.11,0.9085,7.460296605298166,0.9085,0.0,7.4603,0.0,156816.0,0.0
MOF_net-acs-a_node1-N18_edge1-E10,MOF_net-acs-a_node1-N18_edge1-E10.cif,26.39848,23.20791,26.39848,0.361101,1213.02,3359.23,0.825,2.2846793556373424,0.825,0.0,2.28468,0.0,25777.4,0.0
MOF_net-acs-a_node1-N18_edge1-E13,MOF_net-acs-a_node1-N18_edge1-E13.cif,54.10099,49.47827,53.92278,0.0884942,522.692,5906.51,0.9478,10.71030643816205,0.9478,0.0,10.7103,0.0,160168.0,0.0
MOF_net-acs-a_node1-N18_edge1-E14,MOF_net-acs-a_node1-N18_edge1-E14.cif,40.36589,36.56797,40.33454,0.150714,772.886,5128.17,0.918,6.091006807595845,0.918,0.0,6.09101,0.0,73096.0,0.0
MOF_net-acs-a_node1-N18_edge1-E15,MOF_net-acs-a_node1-N18_edge1-E15.cif,52.8622,47.79862,52.33492,0.0933777,577.488,6184.44,0.9376,10.040941252568867,0.9376,0.0,10.0409,0.0,161385.0,0.0
MOF_net-acs-a_node1-N18_edge1-E2,MOF_net-acs-a_node1-N18_edge1-E2.cif,25.37617,22.87073,25.26846,0.349512,1267.94,3627.76,0.8249,2.360147863306553,0.8249,0.0,2.36015,0.0,26441.2,0.0
MOF_net-acs-a_node1-N18_edge1-E3,MOF_net-acs-a_node1-N18_edge1-E3.cif,28.77467,26.10316,28.73247,0.287211,1141.48,3974.37,0.8543,2.9744682480824203,0.8543,0.0,2.97447,0.0,26440.5,0.0
MOF_net-acs-a_node1-N18_edge1-E5,MOF_net-acs-a_node1-N18_edge1-E5.cif,33.77006,29.94091,33.77006,0.203213,948.58,4667.9,0.8899,4.379148971768538,0.8899,0.0,4.37914,0.0,47663.4,0.0
MOF_net-acs-a_node1-N18_edge1-E6,MOF_net-acs-a_node1-N18_edge1-E6.cif,31.96833,29.31063,31.96833,0.197105,972.376,4933.29,0.9038,4.585373278201974,0.9038,0.0,4.58537,0.0,35633.5,0.0
MOF_net-acs-a_node1-N18_edge1-E7,MOF_net-acs-a_node1-N18_edge1-E7.cif,37.89018,34.61377,37.81906,0.173516,910.205,5245.64,0.8809,5.076765255077341,0.8809,0.0,5.07676,0.0,71876.5,0.0
MOF_net-acs-a_node1-N18_edge1-E8,MOF_net-acs-a_node1-N18_edge1-E8.cif,41.41948,37.90013,41.25637,0.142849,758.514,5309.89,0.9195,6.436866901413381,0.9195,0.0,6.43685,0.0,76739.4,0.0
MOF_net-acs-a_node1-N18_edge1-none,MOF_net-acs-a_node1-N18_edge1-none.cif,16.12296,14.92408,16.12234,0.815097,1815.42,2227.25,0.7307,0.8964577222097493,0.7307,0.0,0.896458,0.0,5250.04,0.0
MOF_net-acs-a_node1-N29_edge1-E0,MOF_net-acs-a_node1-N29_edge1-E0.cif,44.17623,42.28191,44.17623,0.19757,1015.52,5140.04,0.8765,4.43640228779673,0.8765,0.0,4.43639,0.0,59704.4,0.0
MOF_net-acs-a_node1-N29_edge1-E1,MOF_net-acs-a_node1-N29_edge1-E1.cif,54.60244,51.32148,54.60244,0.141642,858.404,6060.37,0.8938,6.310275200858503,0.8938,0.0,6.31026,0.0,132259.0,0.0
MOF_net-acs-a_node1-N29_edge1-E10,MOF_net-acs-a_node1-N29_edge1-E10.cif,30.02881,27.92658,30.02881,0.41855,1345.08,3213.67,0.7921,1.892485963445228,0.7921,0.0,1.89248,0.0,21237.4,0.0
MOF_net-acs-a_node1-N29_edge1-E13,MOF_net-acs-a_node1-N29_edge1-E13.cif,61.07368,58.73806,61.00264,0.102739,622.655,6060.54,0.9423,9.17178481394602,0.9423,0.0,9.17177,0.0,136603.0,0.0
MOF_net-acs-a_node1-N29_edge1-E14,MOF_net-acs-a_node1-N29_edge1-E14.cif,46.46528,44.44562,46.46528,0.174716,925.088,5294.82,0.9093,5.204446072483344,0.9093,0.0,5.20446,0.0,62140.7,0.0
MOF_net-acs-a_node1-N29_edge1-E15,MOF_net-acs-a_node1-N29_edge1-E15.cif,58.93884,56.0622,58.72857,0.108438,683.043,6298.91,0.9279,8.55696342610524,0.9279,0.0,8.55694,0.0,137013.0,0.0
MOF_net-acs-a_node1-N29_edge1-E2,MOF_net-acs-a_node1-N29_edge1-E2.cif,29.52642,28.30999,29.52642,0.405099,1340.17,3308.25,0.8006,1.976307026183723,0.8006,0.0,1.97631,0.0,22020.9,0.0
MOF_net-acs-a_node1-N29_edge1-E3,MOF_net-acs-a_node1-N29_edge1-E3.cif,31.80095,29.98549,31.73286,0.332403,1293.6,3891.65,0.8303,2.497871559522628,0.8303,0.0,2.49787,0.0,22052.2,0.0
MOF_net-acs-a_node1-N29_edge1-E5,MOF_net-acs-a_node1-N29_edge1-E5.cif,38.0201,36.16073,38.0201,0.235516,1118.17,4747.75,0.8782,3.728833709811648,0.8782,0.0,3.72884,0.0,40359.0,0.0
MOF_net-acs-a_node1-N29_edge1-E6,MOF_net-acs-a_node1-N29_edge1-E6.cif,36.33417,35.34494,36.3259,0.227907,1184.16,5195.78,0.8979,3.939764904105622,0.8979,0.0,3.93976,0.0,30377.1,0.0
MOF_net-acs-a_node1-N29_edge1-E7,MOF_net-acs-a_node1-N29_edge1-E7.cif,43.83808,41.65747,43.83808,0.201321,1039.4,5162.91,0.8634,4.288673312769159,0.8634,0.0,4.28867,0.0,60458.3,0.0
MOF_net-acs-a_node1-N29_edge1-E8,MOF_net-acs-a_node1-N29_edge1-E8.cif,46.75697,44.50664,46.67996,0.165629,896.295,5411.47,0.9114,5.502659558410665,0.9114,0.0,5.50267,0.0,65268.0,0.0
MOF_net-acs-a_node1-N29_edge1-none,MOF_net-acs-a_node1-N29_edge1-none.cif,18.38862,17.6762,18.38862,0.939505,1211.91,1289.95,0.6307,0.6713109563014567,0.6307,0.0,0.671311,0.0,3890.71,0.0
MOF_net-acs-a_node1-N42_edge1-E0,MOF_net-acs-a_node1-N42_edge1-E0.cif,31.86543,28.88123,31.86543,0.20574,998.173,4851.63,0.8615,4.187323806746379,0.8615,0.0,4.18733,0.0,70976.6,0.0
MOF_net-acs-a_node1-N42_edge1-E1,MOF_net-acs-a_node1-N42_edge1-E1.cif,46.22993,42.25413,46.18655,0.137448,737.306,5364.27,0.8937,6.502095337873233,0.8937,0.0,6.50211,0.0,158988.0,0.0
MOF_net-acs-a_node1-N42_edge1-E10,MOF_net-acs-a_node1-N42_edge1-E10.cif,18.89858,16.44376,18.89636,0.449203,1466.11,3263.81,0.742,1.6518144357896094,0.742,0.0,1.65181,0.0,24305.5,0.0
MOF_net-acs-a_node1-N42_edge1-E13,MOF_net-acs-a_node1-N42_edge1-E13.cif,45.81085,42.24589,45.7708,0.105467,600.28,5691.64,0.932,8.836887367612619,0.932,0.0,8.83689,0.0,162478.0,0.0
MOF_net-acs-a_node1-N42_edge1-E14,MOF_net-acs-a_node1-N42_edge1-E14.cif,31.92798,28.94172,31.92798,0.186701,941.244,5041.44,0.8922,4.778763905924446,0.8922,0.0,4.77875,0.0,73747.5,0.0
MOF_net-acs-a_node1-N42_edge1-E15,MOF_net-acs-a_node1-N42_edge1-E15.cif,46.196,42.6203,46.15374,0.109861,639.068,5817.05,0.9206,8.379679777172973,0.9206,0.0,8.37967,0.0,163440.0,0.0
MOF_net-acs-a_node1-N42_edge1-E2,MOF_net-acs-a_node1-N42_edge1-E2.cif,19.20451,16.74037,19.17419,0.435601,1488.38,3416.85,0.7541,1.7311714160435812,0.7541,0.0,1.73117,0.0,25335.6,0.0
MOF_net-acs-a_node1-N42_edge1-E3,MOF_net-acs-a_node1-N42_edge1-E3.cif,18.79079,16.33868,18.79079,0.379729,1495.68,3938.82,0.7647,2.0138045816885204,0.7647,0.0,2.01381,0.0,24811.9,0.0
MOF_net-acs-a_node1-N42_edge1-E5,MOF_net-acs-a_node1-N42_edge1-E5.cif,25.86375,23.14907,25.86375,0.256518,1179.76,4599.13,0.846,3.298014174443898,0.846,0.0,3.29801,0.0,47214.1,0.0
MOF_net-acs-a_node1-N42_edge1-E6,MOF_net-acs-a_node1-N42_edge1-E6.cif,21.72563,19.18213,21.72562,0.271794,1390.48,5115.93,0.8447,3.107868459200718,0.8447,0.0,3.10787,0.0,34817.0,0.0
MOF_net-acs-a_node1-N42_edge1-E7,MOF_net-acs-a_node1-N42_edge1-E7.cif,32.34912,29.33422,32.34912,0.207588,980.892,4725.2,0.8532,4.110064165558703,0.8532,0.0,4.11007,0.0,72294.9,0.0
MOF_net-acs-a_node1-N42_edge1-E8,MOF_net-acs-a_node1-N42_edge1-E8.cif,32.69268,29.67128,32.69268,0.177312,910.574,5135.43,0.895,5.047599711243458,0.895,0.0,5.04759,0.0,77498.8,0.0
MOF_net-acs-a_node1-N42_edge1-none,MOF_net-acs-a_node1-N42_edge1-none.cif,6.14016,4.8991,5.80237,1.20395,379.118,314.894,0.3013,0.2502595622741808,0.0982,0.2031,0.0815646,0.168694,757.585,1566.86
MOF_net-acs-a_node1-N4_edge1-E0,MOF_net-acs-a_node1-N4_edge1-E0.cif,37.20173,33.3758,37.20173,0.204234,943.778,4621.06,0.846,4.142307353330004,0.846,0.0,4.14231,0.0,83435.6,0.0
MOF_net-acs-a_node1-N4_edge1-E10,MOF_net-acs-a_node1-N4_edge1-E10.cif,24.05972,21.35986,24.05972,0.435415,1401.26,3218.21,0.727,1.669671462857274,0.727,0.0,1.66967,0.0,29897.8,0.0
MOF_net-acs-a_node1-N4_edge1-E13,MOF_net-acs-a_node1-N4_edge1-E13.cif,51.39673,46.74862,51.39673,0.106421,607.636,5709.75,0.9219,8.662763928172073,0.9219,0.0,8.66278,0.0,186928.0,0.0
MOF_net-acs-a_node1-N4_edge1-E14,MOF_net-acs-a_node1-N4_edge1-E14.cif,37.26231,33.61036,37.26231,0.188224,938.256,4984.79,0.8673,4.607807718463108,0.8673,0.0,4.60781,0.0,85817.4,0.0
MOF_net-acs-a_node1-N4_edge1-E15,MOF_net-acs-a_node1-N4_edge1-E15.cif,51.78613,47.07706,51.78613,0.109985,626.862,5699.51,0.9119,8.29113060871937,0.9119,0.0,8.29111,0.0,188178.0,0.0
MOF_net-acs-a_node1-N4_edge1-E2,MOF_net-acs-a_node1-N4_edge1-E2.cif,24.36775,21.65532,24.36775,0.423261,1428.74,3375.55,0.7352,1.7369897061151394,0.7352,0.0,1.73699,0.0,30965.1,0.0
MOF_net-acs-a_node1-N4_edge1-E3,MOF_net-acs-a_node1-N4_edge1-E3.cif,23.93624,21.24406,23.93624,0.380725,1436.29,3772.51,0.7448,1.9562676472519536,0.7448,0.0,1.95627,0.0,30347.3,0.0
MOF_net-acs-a_node1-N4_edge1-E5,MOF_net-acs-a_node1-N4_edge1-E5.cif,31.14726,27.91869,31.14726,0.257225,1140.46,4433.69,0.8192,3.184760423753524,0.8192,0.0,3.18476,0.0,55758.4,0.0
MOF_net-acs-a_node1-N4_edge1-E7,MOF_net-acs-a_node1-N4_edge1-E7.cif,37.66854,33.80095,37.66854,0.205177,941.227,4587.38,0.842,4.103773814803803,0.842,0.0,4.10376,0.0,85283.0,0.0
MOF_net-acs-a_node1-N4_edge1-E8,MOF_net-acs-a_node1-N4_edge1-E8.cif,38.04482,34.33354,38.04482,0.179268,909.161,5071.51,0.8692,4.848606555548117,0.8692,0.0,4.84859,0.0,89920.0,0.0
MOF_net-acs-a_node1-N55_edge1-E0,MOF_net-acs-a_node1-N55_edge1-E0.cif,40.45875,36.00478,40.35114,0.143389,826.886,5766.74,0.9057,6.316384101988298,0.9057,0.0,6.31639,0.0,78783.9,0.0
MOF_net-acs-a_node1-N55_edge1-E1,MOF_net-acs-a_node1-N55_edge1-E1.cif,50.34846,43.31007,50.34846,0.106637,676.266,6341.79,0.9149,8.579573693933627,0.9149,0.0,8.57961,0.0,171373.0,0.0
MOF_net-acs-a_node1-N55_edge1-E10,MOF_net-acs-a_node1-N55_edge1-E10.cif,28.09677,24.63748,28.09677,0.294618,1129.8,3834.79,0.8427,2.860314033765758,0.8427,0.0,2.86032,0.0,29281.2,0.0
MOF_net-acs-a_node1-N55_edge1-E13,MOF_net-acs-a_node1-N55_edge1-E13.cif,55.64019,49.18551,55.61864,0.075778,485.45,6406.22,0.9534,12.58148803082689,0.9534,0.0,12.5815,0.0,174995.0,0.0
MOF_net-acs-a_node1-N55_edge1-E14,MOF_net-acs-a_node1-N55_edge1-E14.cif,41.79155,36.30088,41.49181,0.125545,716.68,5708.55,0.932,7.423632960293123,0.932,0.0,7.42363,0.0,81325.7,0.0
MOF_net-acs-a_node1-N55_edge1-E15,MOF_net-acs-a_node1-N55_edge1-E15.cif,54.09629,47.77687,54.09629,0.0804063,536.711,6674.98,0.943,11.727936741275249,0.943,0.0,11.7279,0.0,176235.0,0.0
MOF_net-acs-a_node1-N55_edge1-E2,MOF_net-acs-a_node1-N55_edge1-E2.cif,27.26114,23.59849,27.20721,0.285098,1146.0,4019.68,0.8541,2.995811966411549,0.8541,0.0,2.99582,0.0,30430.1,0.0
MOF_net-acs-a_node1-N55_edge1-E5,MOF_net-acs-a_node1-N55_edge1-E5.cif,34.75781,29.85068,34.75781,0.166656,878.578,5271.82,0.9103,5.462149577572965,0.9103,0.0,5.46216,0.0,53739.7,0.0
MOF_net-acs-a_node1-N55_edge1-E7,MOF_net-acs-a_node1-N55_edge1-E7.cif,39.55501,34.69485,39.48482,0.14665,843.869,5754.29,0.8924,6.085236958745312,0.8924,0.0,6.08523,0.0,79791.3,0.0
MOF_net-acs-a_node1-N55_edge1-E8,MOF_net-acs-a_node1-N55_edge1-E8.cif,41.98482,36.78844,41.97379,0.118994,699.372,5877.37,0.9334,7.844092979477956,0.9334,0.0,7.84409,0.0,85314.0,0.0
MOF_net-acs-a_node1-N55_edge1-none,MOF_net-acs-a_node1-N55_edge1-none.cif,16.76226,14.64466,16.76226,0.581568,1604.86,2759.53,0.7771,1.33621519753494,0.7771,0.0,1.33622,0.0,6428.22,0.0
MOF_net-acs-a_node1-N73_edge1-E0,MOF_net-acs-a_node1-N73_edge1-E0.cif,40.87888,35.25505,40.56686,0.153593,728.865,4745.42,0.9171,5.97097523975702,0.9171,0.0,5.97096,0.0,93444.6,0.0
MOF_net-acs-a_node1-N73_edge1-E1,MOF_net-acs-a_node1-N73_edge1-E1.cif,49.99804,43.07279,49.64624,0.107746,611.09,5671.59,0.9224,8.560874649638967,0.9224,0.0,8.56089,0.0,198196.0,0.0
MOF_net-acs-a_node1-N73_edge1-E13,MOF_net-acs-a_node1-N73_edge1-E13.cif,55.51161,50.38476,55.48586,0.0811582,444.574,5477.87,0.9575,11.79794524767676,0.9575,0.0,11.7979,0.0,201578.0,0.0
MOF_net-acs-a_node1-N73_edge1-E14,MOF_net-acs-a_node1-N73_edge1-E14.cif,42.35356,36.67275,41.98514,0.138297,645.064,4664.34,0.9363,6.770211935182976,0.9363,0.0,6.77022,0.0,95676.0,0.0
MOF_net-acs-a_node1-N73_edge1-E15,MOF_net-acs-a_node1-N73_edge1-E15.cif,54.57582,48.79296,54.57582,0.0849079,486.382,5728.35,0.9472,11.15561685072885,0.9472,0.0,11.1556,0.0,203076.0,0.0
MOF_net-acs-a_node1-N73_edge1-E2,MOF_net-acs-a_node1-N73_edge1-E2.cif,28.08036,22.22799,27.1102,0.30962,1076.03,3475.33,0.8777,2.8347651960467672,0.8777,0.0,2.83476,0.0,37799.9,0.0
MOF_net-acs-a_node1-N73_edge1-E3,MOF_net-acs-a_node1-N73_edge1-E3.cif,29.01575,24.17551,29.01575,0.264519,992.981,3753.91,0.894,3.379719415240493,0.894,0.0,3.37971,0.0,37245.8,0.0
MOF_net-acs-a_node1-N73_edge1-E5,MOF_net-acs-a_node1-N73_edge1-E5.cif,35.55513,30.5636,35.55513,0.185901,793.523,4268.53,0.9178,4.937036379578378,0.9178,0.0,4.93705,0.0,64257.9,0.0
MOF_net-acs-a_node1-N73_edge1-E7,MOF_net-acs-a_node1-N73_edge1-E7.cif,40.53676,34.19885,40.53676,0.155658,755.066,4850.79,0.9061,5.821094964601884,0.9061,0.0,5.82108,0.0,94820.8,0.0
MOF_net-acs-a_node1-N73_edge1-E8,MOF_net-acs-a_node1-N73_edge1-E8.cif,43.61031,38.17609,43.4039,0.131491,632.999,4814.01,0.9376,7.130526043607548,0.9376,0.0,7.13052,0.0,100206.0,0.0
MOF_net-acs-a_node1-N74_edge1-E2,MOF_net-acs-a_node1-N74_edge1-E2.cif,27.65227,23.38525,27.65227,0.379209,1193.26,3146.71,0.8379,2.2095994557091205,0.8379,0.0,2.2096,0.0,29463.7,0.0
MOF_net-acs-a_node1-N74_edge1-E5,MOF_net-acs-a_node1-N74_edge1-E5.cif,34.82699,31.46384,34.50597,0.223934,907.943,4054.52,0.9009,4.0230603660006965,0.9009,0.0,4.02307,0.0,52362.0,0.0
MOF_net-acs-a_node1-N74_edge1-E6,MOF_net-acs-a_node1-N74_edge1-E6.cif,33.25939,30.44686,33.23254,0.230017,946.507,4114.95,0.9138,3.9727498402292,0.9138,0.0,3.97276,0.0,39339.7,0.0
MOF_net-acs-a_node1-N74_edge1-E7,MOF_net-acs-a_node1-N74_edge1-E7.cif,39.73614,35.93169,39.28069,0.185296,861.727,4650.54,0.8884,4.794490976599603,0.8884,0.0,4.79449,0.0,78098.4,0.0
MOF_net-acs-a_node1-N74_edge1-E8,MOF_net-acs-a_node1-N74_edge1-E8.cif,42.41966,38.0234,42.23694,0.156395,718.331,4593.06,0.9272,5.928578279356757,0.9272,0.0,5.92858,0.0,83315.2,0.0
MOF_net-acs-a_node1-N78_edge1-E0,MOF_net-acs-a_node1-N78_edge1-E0.cif,39.8333,34.3967,39.8333,0.157129,800.56,5094.91,0.9077,5.776782134424581,0.9077,0.0,5.77677,0.0,79580.3,0.0
MOF_net-acs-a_node1-N78_edge1-E10,MOF_net-acs-a_node1-N78_edge1-E10.cif,27.10448,23.81543,27.10448,0.332186,1133.49,3412.2,0.8481,2.553087727959637,0.8481,0.0,2.55309,0.0,29462.8,0.0
MOF_net-acs-a_node1-N78_edge1-E13,MOF_net-acs-a_node1-N78_edge1-E13.cif,55.27522,48.51877,55.26028,0.0818425,478.528,5846.93,0.9532,11.646760546171,0.9532,0.0,11.6468,0.0,177170.0,0.0
MOF_net-acs-a_node1-N78_edge1-E14,MOF_net-acs-a_node1-N78_edge1-E14.cif,41.63794,36.18056,41.63794,0.13939,705.318,5060.03,0.9306,6.676232154386972,0.9306,0.0,6.67623,0.0,81837.0,0.0
MOF_net-acs-a_node1-N78_edge1-E15,MOF_net-acs-a_node1-N78_edge1-E15.cif,53.70821,46.77709,53.70821,0.0862686,528.565,6126.97,0.9427,10.927498533649556,0.9427,0.0,10.9275,0.0,178446.0,0.0
MOF_net-acs-a_node1-N78_edge1-E2,MOF_net-acs-a_node1-N78_edge1-E2.cif,25.19297,20.41914,25.19297,0.321662,1177.14,3659.55,0.8546,2.6568261093943333,0.8546,0.0,2.65683,0.0,30448.6,0.0
MOF_net-acs-a_node1-N78_edge1-E3,MOF_net-acs-a_node1-N78_edge1-E3.cif,28.68569,25.21293,28.68569,0.265913,1077.47,4051.97,0.8798,3.308600933387988,0.8798,0.0,3.3086,0.0,30262.0,0.0
MOF_net-acs-a_node1-N78_edge1-E5,MOF_net-acs-a_node1-N78_edge1-E5.cif,34.36674,28.80528,34.36674,0.187863,874.437,4654.64,0.909,4.838632407658773,0.909,0.0,4.83862,0.0,53909.7,0.0
MOF_net-acs-a_node1-N78_edge1-E7,MOF_net-acs-a_node1-N78_edge1-E7.cif,39.27846,33.91771,39.0467,0.159994,835.174,5220.03,0.8939,5.587084515669338,0.8939,0.0,5.58708,0.0,80539.3,0.0
MOF_net-acs-a_node1-N78_edge1-E8,MOF_net-acs-a_node1-N78_edge1-E8.cif,42.20439,35.89991,42.17615,0.13217,690.147,5221.66,0.9329,7.058333963834455,0.9329,0.0,7.05834,0.0,85965.1,0.0
MOF_net-acs-a_node1-N79_edge1-E0,MOF_net-acs-a_node1-N79_edge1-E0.cif,52.13881,40.85971,49.81218,0.0883363,595.456,6740.79,0.9278,10.50304348269058,0.9278,0.0,10.503,0.0,230434.0,0.0
MOF_net-acs-a_node1-N79_edge1-E1,MOF_net-acs-a_node1-N79_edge1-E1.cif,61.08801,46.15045,61.08801,0.0690634,490.373,7100.32,0.9383,13.586067294688648,0.9383,0.0,13.5861,0.0,399990.0,0.0
MOF_net-acs-a_node1-N79_edge1-E10,MOF_net-acs-a_node1-N79_edge1-E10.cif,40.50122,33.0709,40.50122,0.1431,845.84,5910.81,0.8887,6.210342417889588,0.8887,0.0,6.21032,0.0,122367.0,0.0
MOF_net-acs-a_node1-N79_edge1-E13,MOF_net-acs-a_node1-N79_edge1-E13.cif,63.95774,53.08121,63.95774,0.0556678,391.591,7034.42,0.9559,17.17150668788779,0.9559,0.0,17.1715,0.0,401396.0,0.0
MOF_net-acs-a_node1-N79_edge1-E14,MOF_net-acs-a_node1-N79_edge1-E14.cif,51.62013,42.53995,51.46888,0.0820604,553.24,6741.87,0.9365,11.412325555322663,0.9365,0.0,11.4123,0.0,233060.0,0.0
MOF_net-acs-a_node1-N79_edge1-E2,MOF_net-acs-a_node1-N79_edge1-E2.cif,40.12052,31.51903,40.12052,0.140363,836.508,5959.6,0.8911,6.348539144931357,0.8911,0.0,6.34854,0.0,124586.0,0.0
MOF_net-acs-a_node1-N79_edge1-E3,MOF_net-acs-a_node1-N79_edge1-E3.cif,40.13555,33.12136,38.18831,0.126432,819.618,6482.68,0.8982,7.104214123006835,0.8982,0.0,7.10421,0.0,122976.0,0.0
MOF_net-acs-a_node1-N79_edge1-E5,MOF_net-acs-a_node1-N79_edge1-E5.cif,46.23649,37.4691,44.28712,0.10052,666.752,6633.04,0.9204,9.156386788698766,0.9204,0.0,9.15641,0.0,176767.0,0.0
MOF_net-acs-a_node1-N79_edge1-E7,MOF_net-acs-a_node1-N79_edge1-E7.cif,51.15224,39.8225,50.9957,0.0892456,608.857,6822.26,0.9213,10.323198006400316,0.9213,0.0,10.3232,0.0,233088.0,0.0
MOF_net-acs-a_node1-N79_edge1-E8,MOF_net-acs-a_node1-N79_edge1-E8.cif,52.50423,42.62622,52.07813,0.0792165,544.493,6873.49,0.9366,11.823294389426446,0.9366,0.0,11.8233,0.0,240521.0,0.0
MOF_net-acs-a_node1-N79_edge1-none,MOF_net-acs-a_node1-N79_edge1-none.cif,28.73461,22.5331,28.58319,0.227855,1220.24,5355.31,0.8075,3.5439204757411518,0.8075,0.0,3.54391,0.0,50598.4,0.0
MOF_net-acs-f_node1-N66_edge1-E0,MOF_net-acs-f_node1-N66_edge1-E0.cif,26.24893,14.46231,26.22682,0.211092,1218.57,5772.7,0.8984,4.255964224129763,0.8984,0.0,4.25597,0.0,54720.5,0.0
MOF_net-acs-f_node1-N66_edge1-E1,MOF_net-acs-f_node1-N66_edge1-E1.cif,33.5427,17.05453,33.5427,0.152559,994.639,6519.71,0.9089,5.957695055683375,0.9089,0.0,5.95771,0.0,110119.0,0.0
MOF_net-acs-f_node1-N66_edge1-E10,MOF_net-acs-f_node1-N66_edge1-E10.cif,18.45361,10.17727,18.45361,0.405494,1825.97,4503.07,0.8488,2.0932492219366994,0.8488,0.0,2.09325,0.0,23403.5,0.0
MOF_net-acs-f_node1-N66_edge1-E14,MOF_net-acs-f_node1-N66_edge1-E14.cif,25.92879,17.32488,25.92879,0.191874,1082.68,5642.65,0.9167,4.777614476166651,0.9167,0.0,4.77761,0.0,55988.3,0.0
MOF_net-acs-f_node1-N66_edge1-E15,MOF_net-acs-f_node1-N66_edge1-E15.cif,34.05192,22.13187,34.05192,0.12221,806.32,6597.81,0.9337,7.640127649128549,0.9337,0.0,7.64012,0.0,112867.0,0.0
MOF_net-acs-f_node1-N66_edge1-E4,MOF_net-acs-f_node1-N66_edge1-E4.cif,26.20972,14.54073,26.20972,0.205124,1240.08,6045.5,0.895,4.363214445896141,0.895,0.0,4.36321,0.0,60798.6,0.0
MOF_net-acs-f_node1-N66_edge1-E5,MOF_net-acs-f_node1-N66_edge1-E5.cif,23.87816,15.18781,23.87816,0.250861,1345.15,5362.11,0.8976,3.5780771024591305,0.8976,0.0,3.57808,0.0,38935.1,0.0
MOF_net-acs-f_node1-N66_edge1-E7,MOF_net-acs-f_node1-N66_edge1-E7.cif,26.31132,14.82173,26.30124,0.213798,1269.98,5940.09,0.8853,4.140824516599781,0.8853,0.0,4.14083,0.0,55225.8,0.0
MOF_net-acs-f_node1-N66_edge1-E8,MOF_net-acs-f_node1-N66_edge1-E8.cif,26.69284,17.34847,26.49167,0.183311,1062.41,5795.69,0.9184,5.01006486244688,0.9184,0.0,5.01007,0.0,58416.6,0.0
MOF_net-acs-f_node1-N66_edge1-E9,MOF_net-acs-f_node1-N66_edge1-E9.cif,30.27829,19.42329,30.27829,0.138148,868.81,6288.99,0.9347,6.765932188667227,0.9347,0.0,6.76594,0.0,84155.5,0.0
MOF_net-acs-f_node1-N83_edge1-E0,MOF_net-acs-f_node1-N83_edge1-E0.cif,32.74996,20.83465,32.67803,0.105698,706.368,6682.92,0.9475,8.964218812087267,0.9475,0.0,8.96426,0.0,158395.0,0.0
MOF_net-acs-f_node1-N83_edge1-E1,MOF_net-acs-f_node1-N83_edge1-E1.cif,40.40317,24.87931,40.39829,0.0833094,591.613,7101.39,0.9491,11.39247191793483,0.9491,0.0,11.3925,0.0,265396.0,0.0
MOF_net-acs-f_node1-N83_edge1-E10,MOF_net-acs-f_node1-N83_edge1-E10.cif,25.86802,16.77268,25.86161,0.166833,1002.18,6007.09,0.9268,5.555255854657052,0.9268,0.0,5.55524,0.0,88843.5,0.0
MOF_net-acs-f_node1-N83_edge1-E13,MOF_net-acs-f_node1-N83_edge1-E13.cif,40.28082,28.3412,40.28082,0.0680075,471.884,6938.7,0.9672,14.221960813145609,0.9672,0.0,14.222,0.0,266614.0,0.0
MOF_net-acs-f_node1-N83_edge1-E14,MOF_net-acs-f_node1-N83_edge1-E14.cif,32.78086,23.77215,32.78076,0.0986874,652.417,6610.94,0.9559,9.686140277279572,0.9559,0.0,9.68614,0.0,160123.0,0.0
MOF_net-acs-f_node1-N83_edge1-E15,MOF_net-acs-f_node1-N83_edge1-E15.cif,40.49405,27.02019,40.49405,0.0701488,500.197,7130.52,0.9606,13.693748146796525,0.9606,0.0,13.6938,0.0,268194.0,0.0
MOF_net-acs-f_node1-N83_edge1-E2,MOF_net-acs-f_node1-N83_edge1-E2.cif,26.02791,16.92901,26.02219,0.163862,995.676,6076.31,0.9285,5.66635339492988,0.9285,0.0,5.66636,0.0,90282.4,0.0
MOF_net-acs-f_node1-N83_edge1-E3,MOF_net-acs-f_node1-N83_edge1-E3.cif,25.80888,16.92585,25.80287,0.148916,946.997,6359.28,0.9343,6.274006822638266,0.9343,0.0,6.27402,0.0,89075.6,0.0
MOF_net-acs-f_node1-N83_edge1-E5,MOF_net-acs-f_node1-N83_edge1-E5.cif,29.56218,19.57318,29.56048,0.119704,780.064,6516.59,0.9453,7.896979215397981,0.9453,0.0,7.89696,0.0,123934.0,0.0
MOF_net-acs-f_node1-N83_edge1-E7,MOF_net-acs-f_node1-N83_edge1-E7.cif,32.99099,20.7938,32.99099,0.106672,724.051,6787.67,0.9438,8.847682615869205,0.9438,0.0,8.84772,0.0,160579.0,0.0
MOF_net-acs-f_node1-N83_edge1-E8,MOF_net-acs-f_node1-N83_edge1-E8.cif,33.19356,22.51909,33.19356,0.0954365,642.436,6731.55,0.9569,10.026562164371075,0.9569,0.0,10.0266,0.0,165158.0,0.0
MOF_net-acs-g_node1-N66_edge1-E0,MOF_net-acs-g_node1-N66_edge1-E0.cif,35.91928,32.01993,35.89678,0.107026,636.157,5943.95,0.9477,8.854857698129427,0.9477,0.0,8.85487,0.0,113850.0,0.0
MOF_net-acs-g_node1-N66_edge1-E13,MOF_net-acs-g_node1-N66_edge1-E13.cif,47.03771,44.21927,47.03771,0.0576455,368.136,6386.21,0.9757,16.92586585249499,0.9757,0.0,16.9259,0.0,235852.0,0.0
MOF_net-acs-g_node1-N66_edge1-E14,MOF_net-acs-g_node1-N66_edge1-E14.cif,36.9994,34.51855,36.9994,0.097256,555.028,5706.88,0.9627,9.898618080118451,0.9627,0.0,9.89862,0.0,116001.0,0.0
MOF_net-acs-g_node1-N66_edge1-E15,MOF_net-acs-g_node1-N66_edge1-E15.cif,46.95985,43.62536,46.94233,0.0600824,402.473,6698.69,0.9687,16.12285794175998,0.9687,0.0,16.1229,0.0,238181.0,0.0
MOF_net-acs-g_node1-N66_edge1-E2,MOF_net-acs-g_node1-N66_edge1-E2.cif,26.73251,24.38202,26.73251,0.210094,992.689,4724.97,0.9224,4.390415718678306,0.9224,0.0,4.39041,0.0,48824.9,0.0
MOF_net-acs-g_node1-N66_edge1-E3,MOF_net-acs-g_node1-N66_edge1-E3.cif,26.92601,25.85017,26.92601,0.182916,913.389,4993.48,0.9347,5.109995845087362,0.9347,0.0,5.10999,0.0,47958.7,0.0
MOF_net-acs-g_node1-N66_edge1-E4,MOF_net-acs-g_node1-N66_edge1-E4.cif,35.27289,32.07962,35.27289,0.103422,645.948,6245.72,0.9493,9.178898106785793,0.9493,0.0,9.17885,0.0,127902.0,0.0
MOF_net-acs-g_node1-N66_edge1-E5,MOF_net-acs-g_node1-N66_edge1-E5.cif,31.94622,28.75509,31.94622,0.129634,707.812,5460.1,0.9487,7.318296126016323,0.9487,0.0,7.31832,0.0,79634.8,0.0
MOF_net-acs-g_node1-N66_edge1-E7,MOF_net-acs-g_node1-N66_edge1-E7.cif,35.14348,31.59416,35.03189,0.108216,660.664,6105.05,0.9442,8.72514230797664,0.9442,0.0,8.72515,0.0,116366.0,0.0
MOF_net-acs-g_node1-N66_edge1-E8,MOF_net-acs-g_node1-N66_edge1-E8.cif,38.41361,34.9252,38.41361,0.0926904,546.649,5897.58,0.9613,10.371084815687492,0.9613,0.0,10.3711,0.0,120925.0,0.0
MOF_net-acs-g_node1-N66_edge1-E9,MOF_net-acs-g_node1-N66_edge1-E9.cif,42.32668,40.44667,42.31491,0.0687247,439.428,6394.03,0.9693,14.104099399488105,0.9693,0.0,14.1041,0.0,175428.0,0.0
MOF_net-acs-g_node1-N83_edge1-E1,MOF_net-acs-g_node1-N83_edge1-E1.cif,53.33575,43.74375,53.33575,0.0422347,306.789,7263.91,0.9729,23.035560806635303,0.9729,0.0,23.0355,0.0,536630.0,0.0
MOF_net-acs-g_node1-N83_edge1-E14,MOF_net-acs-g_node1-N83_edge1-E14.cif,46.75235,39.70658,46.75235,0.0500597,334.669,6685.39,0.9756,19.48873045583573,0.9756,0.0,19.4887,0.0,322171.0,0.0
MOF_net-acs-g_node1-N83_edge1-E2,MOF_net-acs-g_node1-N83_edge1-E2.cif,36.57606,30.16943,36.55751,0.083199,504.73,6066.54,0.962,11.56263897402613,0.962,0.0,11.5626,0.0,184228.0,0.0
MOF_net-acs-g_node1-N83_edge1-E3,MOF_net-acs-g_node1-N83_edge1-E3.cif,37.28745,32.31423,36.4511,0.0756131,479.583,6342.6,0.965,12.762338801080764,0.965,0.0,12.7623,0.0,181194.0,0.0
MOF_net-acs-g_node1-N83_edge1-none,MOF_net-acs-g_node1-N83_edge1-none.cif,27.26579,23.93993,27.09928,0.131441,762.192,5798.75,0.9455,7.19334149922779,0.9455,0.0,7.19336,0.0,85766.4,0.0
MOF_net-acs-h_node1-N0_edge1-E10,MOF_net-acs-h_node1-N0_edge1-E10.cif,16.79678,13.11546,16.79678,0.610143,1807.04,2961.68,0.6278,1.0289391175511315,0.6278,0.0,1.02894,0.0,15674.5,0.0
MOF_net-acs-h_node1-N0_edge1-E13,MOF_net-acs-h_node1-N0_edge1-E13.cif,34.8833,32.03756,34.8833,0.170202,1006.95,5916.23,0.8877,5.215567384637079,0.8877,0.0,5.21558,0.0,103391.0,0.0
MOF_net-acs-h_node1-N0_edge1-E14,MOF_net-acs-h_node1-N0_edge1-E14.cif,25.81651,23.04487,25.80946,0.277809,1407.14,5065.15,0.8296,2.9862243483832422,0.8296,0.0,2.98622,0.0,48171.0,0.0
MOF_net-acs-h_node1-N0_edge1-E15,MOF_net-acs-h_node1-N0_edge1-E15.cif,35.35211,30.63553,35.3086,0.179117,1086.53,6066.06,0.8681,4.846552811849239,0.8681,0.0,4.84656,0.0,102849.0,0.0
MOF_net-acs-h_node1-N0_edge1-E2,MOF_net-acs-h_node1-N0_edge1-E2.cif,17.68757,14.84783,17.68757,0.59249,1764.51,2978.12,0.6409,1.081706020354774,0.6409,0.0,1.08171,0.0,16370.8,0.0
MOF_net-acs-h_node1-N0_edge1-E3,MOF_net-acs-h_node1-N0_edge1-E3.cif,17.39578,13.77296,17.39578,0.494536,1912.25,3866.75,0.6865,1.3881699208955467,0.6865,0.0,1.38817,0.0,16993.6,0.0
MOF_net-acs-h_node1-N0_edge1-E5,MOF_net-acs-h_node1-N0_edge1-E5.cif,22.08512,19.2875,22.08512,0.364167,1637.75,4497.24,0.7767,2.1328126930776263,0.7767,0.0,2.13281,0.0,31428.1,0.0
MOF_net-acs-h_node1-N0_edge1-E7,MOF_net-acs-h_node1-N0_edge1-E7.cif,25.99707,20.87826,25.95249,0.317018,1444.05,4555.11,0.7529,2.37494400948842,0.7529,0.0,2.37495,0.0,44714.8,0.0
MOF_net-acs-h_node1-N0_edge1-E8,MOF_net-acs-h_node1-N0_edge1-E8.cif,26.34385,22.68403,26.34385,0.264529,1393.0,5265.96,0.8328,3.1482370552945045,0.8328,0.0,3.14823,0.0,50474.5,0.0
MOF_net-acs-h_node1-N0_edge1-none,MOF_net-acs-h_node1-N0_edge1-none.cif,8.70444,8.26168,8.70444,1.19197,575.939,483.182,0.2731,0.2291165046100153,0.1863,0.0868,0.156296,0.0728205,1320.83,615.393
MOF_net-acs-h_node1-N85_edge1-E0,MOF_net-acs-h_node1-N85_edge1-E0.cif,31.06437,26.3333,31.00856,0.211661,1110.77,5247.88,0.8421,3.978531708722911,0.8421,0.0,3.97853,0.0,66580.9,0.0
MOF_net-acs-h_node1-N85_edge1-E14,MOF_net-acs-h_node1-N85_edge1-E14.cif,31.23782,28.36446,31.23782,0.187154,1032.44,5516.54,0.8833,4.719642647231692,0.8833,0.0,4.71964,0.0,70028.1,0.0
MOF_net-acs-h_node1-N85_edge1-E15,MOF_net-acs-h_node1-N85_edge1-E15.cif,41.3789,36.28598,41.3789,0.128821,816.721,6339.95,0.905,7.025252093990887,0.905,0.0,7.02524,0.0,139996.0,0.0
MOF_net-acs-h_node1-N85_edge1-E2,MOF_net-acs-h_node1-N85_edge1-E2.cif,22.27473,20.13866,22.27473,0.372318,1393.47,3742.69,0.7694,2.0665130345564813,0.7694,0.0,2.06651,0.0,28602.1,0.0
MOF_net-acs-h_node1-N85_edge1-E3,MOF_net-acs-h_node1-N85_edge1-E3.cif,21.97888,18.86783,21.97888,0.303081,1428.69,4713.88,0.7993,2.6372487882777214,0.7993,0.0,2.63725,0.0,28873.2,0.0
MOF_net-acs-h_node1-N85_edge1-E5,MOF_net-acs-h_node1-N85_edge1-E5.cif,27.01168,24.40661,27.01168,0.236949,1182.14,4989.02,0.8485,3.5809393582585285,0.8485,0.0,3.58094,0.0,48135.1,0.0
MOF_net-acs-h_node1-N85_edge1-E7,MOF_net-acs-h_node1-N85_edge1-E7.cif,31.5493,25.98159,31.5493,0.21656,1084.17,5006.35,0.8234,3.802179534540081,0.8234,0.0,3.80219,0.0,66668.5,0.0
MOF_net-acs-h_node1-N85_edge1-E8,MOF_net-acs-h_node1-N85_edge1-E8.cif,31.82351,29.47099,31.82351,0.178619,1019.95,5710.22,0.8818,4.936764845845067,0.8818,0.0,4.93677,0.0,72763.7,0.0
MOF_net-acs-h_node1-N86_edge1-E0,MOF_net-acs-h_node1-N86_edge1-E0.cif,29.67471,24.04987,29.65988,0.217189,1129.09,5198.65,0.8383,3.859771903733615,0.8383,0.0,3.85978,0.0,64593.5,0.0
MOF_net-acs-h_node1-N86_edge1-E1,MOF_net-acs-h_node1-N86_edge1-E1.cif,37.25231,29.27661,37.25231,0.172749,941.941,5452.67,0.8548,4.948219671315029,0.8548,0.0,4.94823,0.0,129208.0,0.0
MOF_net-acs-h_node1-N86_edge1-E10,MOF_net-acs-h_node1-N86_edge1-E10.cif,20.39515,17.23598,20.39515,0.392997,1427.64,3632.7,0.7575,1.927495629737632,0.7575,0.0,1.92749,0.0,26869.6,0.0
MOF_net-acs-h_node1-N86_edge1-E13,MOF_net-acs-h_node1-N86_edge1-E13.cif,39.74128,36.76591,39.74128,0.124844,774.1,6200.52,0.9187,7.358783762135144,0.9187,0.0,7.35876,0.0,136358.0,0.0
MOF_net-acs-h_node1-N86_edge1-E14,MOF_net-acs-h_node1-N86_edge1-E14.cif,30.60627,27.31065,30.60627,0.192026,1061.59,5528.38,0.8782,4.573339027006759,0.8782,0.0,4.57334,0.0,67857.3,0.0
MOF_net-acs-h_node1-N86_edge1-E15,MOF_net-acs-h_node1-N86_edge1-E15.cif,40.04511,34.68241,40.04511,0.132093,837.051,6336.83,0.9007,6.818680777936757,0.9007,0.0,6.81867,0.0,135880.0,0.0
MOF_net-acs-h_node1-N86_edge1-E2,MOF_net-acs-h_node1-N86_edge1-E2.cif,21.33004,17.10084,21.33004,0.382161,1402.87,3670.89,0.7668,2.0064841781343468,0.7668,0.0,2.00649,0.0,27771.3,0.0
MOF_net-acs-h_node1-N86_edge1-E3,MOF_net-acs-h_node1-N86_edge1-E3.cif,21.27213,17.80789,21.27213,0.311089,1437.0,4619.26,0.7964,2.5600390884923607,0.7964,0.0,2.56004,0.0,28027.9,0.0
MOF_net-acs-h_node1-N86_edge1-E5,MOF_net-acs-h_node1-N86_edge1-E5.cif,26.48647,22.62278,26.4177,0.243136,1219.08,5013.99,0.8415,3.461025927875757,0.8415,0.0,3.46102,0.0,46523.2,0.0
MOF_net-acs-h_node1-N86_edge1-E7,MOF_net-acs-h_node1-N86_edge1-E7.cif,29.95356,24.06272,29.89586,0.222219,1097.92,4940.74,0.8122,3.654952996818454,0.8122,0.0,3.65496,0.0,64086.9,0.0
MOF_net-acs-h_node1-N86_edge1-E8,MOF_net-acs-h_node1-N86_edge1-E8.cif,30.85039,27.70028,30.83044,0.183275,1043.61,5694.22,0.8795,4.798799618060292,0.8795,0.0,4.7988,0.0,70730.2,0.0
MOF_net-acs-h_node1-N86_edge1-none,MOF_net-acs-h_node1-N86_edge1-none.cif,14.50615,12.50309,14.50615,0.625398,1706.34,2728.41,0.6043,0.9662646826500884,0.6043,0.0,0.966265,0.0,6915.88,0.0
MOF_net-acs-i_node1-N0_edge1-E0,MOF_net-acs-i_node1-N0_edge1-E0.cif,24.36317,22.00842,24.36317,0.36617,1584.4,4326.95,0.7389,2.0179151760111425,0.7389,0.0,2.01792,0.0,36380.0,0.0
MOF_net-acs-i_node1-N0_edge1-E1,MOF_net-acs-i_node1-N0_edge1-E1.cif,32.09428,27.9664,32.09428,0.274314,1422.17,5184.45,0.7743,2.822677661366172,0.7743,0.0,2.82268,0.0,77356.5,0.0
MOF_net-acs-i_node1-N0_edge1-E10,MOF_net-acs-i_node1-N0_edge1-E10.cif,15.4636,13.47104,15.12068,0.706286,1640.78,2323.12,0.5714,0.8090207083249562,0.5714,0.0,0.809021,0.0,12324.4,0.0
MOF_net-acs-i_node1-N0_edge1-E13,MOF_net-acs-i_node1-N0_edge1-E13.cif,35.08114,32.01716,35.08114,0.202128,1168.42,5780.58,0.8689,4.2987611810338,0.8689,0.0,4.29876,0.0,85216.6,0.0
MOF_net-acs-i_node1-N0_edge1-E14,MOF_net-acs-i_node1-N0_edge1-E14.cif,24.65204,22.52567,24.65204,0.326885,1528.48,4675.9,0.7956,2.4338834758401275,0.7956,0.0,2.43388,0.0,39261.1,0.0
MOF_net-acs-i_node1-N0_edge1-E15,MOF_net-acs-i_node1-N0_edge1-E15.cif,33.99408,31.90763,33.99408,0.212755,1291.91,6072.32,0.8468,3.9801649784963926,0.8468,0.0,3.98017,0.0,84463.5,0.0
MOF_net-acs-i_node1-N0_edge1-E2,MOF_net-acs-i_node1-N0_edge1-E2.cif,16.68541,14.56922,16.55864,0.686125,1689.79,2462.81,0.5986,0.8724357806522136,0.5986,0.0,0.872435,0.0,13203.7,0.0
MOF_net-acs-i_node1-N0_edge1-E5,MOF_net-acs-i_node1-N0_edge1-E5.cif,20.78422,18.44401,20.78422,0.425584,1675.46,3936.85,0.7263,1.7065961126358131,0.7263,0.0,1.7066,0.0,25147.6,0.0
MOF_net-acs-i_node1-N0_edge1-E7,MOF_net-acs-i_node1-N0_edge1-E7.cif,24.38055,21.60445,24.38055,0.373477,1611.15,4313.92,0.7061,1.8906117378044696,0.7061,0.0,1.89061,0.0,35595.9,0.0
MOF_net-acs-i_node1-N0_edge1-E8,MOF_net-acs-i_node1-N0_edge1-E8.cif,25.54517,23.2099,25.54517,0.311646,1518.31,4871.89,0.8006,2.568940400326011,0.8006,0.0,2.56894,0.0,41186.8,0.0
MOF_net-acs-i_node1-N0_edge1-none,MOF_net-acs-i_node1-N0_edge1-none.cif,10.72089,10.18882,10.72089,1.12018,724.663,646.915,0.344,0.3070935028299024,0.2655,0.0785,0.237015,0.0700778,2002.97,592.215
MOF_net-acs-i_node1-N85_edge1-E0,MOF_net-acs-i_node1-N85_edge1-E0.cif,37.93597,35.10019,37.93597,0.200199,999.541,4992.74,0.8564,4.277743645073152,0.8564,0.0,4.27774,0.0,71588.2,0.0
MOF_net-acs-i_node1-N85_edge1-E1,MOF_net-acs-i_node1-N85_edge1-E1.cif,46.17063,42.52302,46.17063,0.157802,873.231,5533.72,0.8736,5.536051507585456,0.8736,0.0,5.53605,0.0,144557.0,0.0
MOF_net-acs-i_node1-N85_edge1-E10,MOF_net-acs-i_node1-N85_edge1-E10.cif,27.26496,25.26228,27.26496,0.367164,1245.82,3393.09,0.7769999999999999,2.1162205444978266,0.7634,0.0136,2.07918,0.0370407,28984.2,516.354
MOF_net-acs-i_node1-N85_edge1-E13,MOF_net-acs-i_node1-N85_edge1-E13.cif,51.3375,48.15665,50.69137,0.114055,690.874,6057.39,0.9281,8.1373021787734,0.9281,0.0,8.13733,0.0,150785.0,0.0
MOF_net-acs-i_node1-N85_edge1-E14,MOF_net-acs-i_node1-N85_edge1-E14.cif,39.85425,36.85534,39.65558,0.177022,958.781,5416.15,0.8906,5.031013094417642,0.8906,0.0,5.031,0.0,74647.9,0.0
MOF_net-acs-i_node1-N85_edge1-E15,MOF_net-acs-i_node1-N85_edge1-E15.cif,49.12319,44.91015,48.82552,0.120675,746.336,6184.69,0.9111,7.550031075201988,0.9111,0.0,7.55005,0.0,150454.0,0.0
MOF_net-acs-i_node1-N85_edge1-E2,MOF_net-acs-i_node1-N85_edge1-E2.cif,28.0353,24.88775,28.0353,0.357036,1254.16,3512.7,0.7874,2.2053798496510155,0.7767,0.0107,2.17541,0.0299689,30109.3,414.793
MOF_net-acs-i_node1-N85_edge1-E3,MOF_net-acs-i_node1-N85_edge1-E3.cif,28.04404,26.23656,28.04404,0.290735,1227.51,4222.09,0.8160999999999999,2.8070235781725623,0.7997,0.0164,2.75062,0.0564088,30114.4,617.577
MOF_net-acs-i_node1-N85_edge1-E5,MOF_net-acs-i_node1-N85_edge1-E5.cif,33.984,31.32553,33.984,0.225392,1113.8,4941.6,0.8568,3.801377156243345,0.8568,0.0,3.80137,0.0,51098.2,0.0
MOF_net-acs-i_node1-N85_edge1-E7,MOF_net-acs-i_node1-N85_edge1-E7.cif,37.19241,33.95079,37.19099,0.204759,1010.29,4934.05,0.8376,4.090662681493854,0.8376,0.0,4.09066,0.0,71726.6,0.0
MOF_net-acs-i_node1-N85_edge1-E8,MOF_net-acs-i_node1-N85_edge1-E8.cif,40.01292,37.02651,40.01292,0.168847,943.363,5587.09,0.891,5.2769667213512825,0.891,0.0,5.27697,0.0,77778.1,0.0
MOF_net-acs-i_node1-N86_edge1-E0,MOF_net-acs-i_node1-N86_edge1-E0.cif,25.73675,19.56079,24.30131,0.214244,1092.69,5100.19,0.8485,3.960437631859002,0.8485,0.0,3.96043,0.0,66277.9,0.0
MOF_net-acs-i_node1-N86_edge1-E1,MOF_net-acs-i_node1-N86_edge1-E1.cif,33.00103,24.5724,32.93563,0.166399,933.22,5608.34,0.8695,5.225391979519109,0.8695,0.0,5.22541,0.0,136445.0,0.0
MOF_net-acs-i_node1-N86_edge1-E10,MOF_net-acs-i_node1-N86_edge1-E10.cif,18.01191,12.44803,16.93711,0.398876,1525.85,3825.38,0.7642,1.9158836330087543,0.7642,0.0,1.91588,0.0,26707.8,0.0
MOF_net-acs-i_node1-N86_edge1-E13,MOF_net-acs-i_node1-N86_edge1-E13.cif,36.9812,32.08656,35.51918,0.120325,726.153,6034.93,0.9252,7.689175150633701,0.9252,0.0,7.68918,0.0,142481.0,0.0
MOF_net-acs-i_node1-N86_edge1-E14,MOF_net-acs-i_node1-N86_edge1-E14.cif,27.6848,22.18542,26.92649,0.189424,1023.71,5404.32,0.8888,4.692119266829969,0.8888,0.0,4.69213,0.0,69619.9,0.0
MOF_net-acs-i_node1-N86_edge1-E15,MOF_net-acs-i_node1-N86_edge1-E15.cif,35.58639,29.55556,35.12519,0.127232,790.795,6215.37,0.9117,7.165650150905432,0.9117,0.0,7.16565,0.0,142794.0,0.0
MOF_net-acs-i_node1-N86_edge1-E2,MOF_net-acs-i_node1-N86_edge1-E2.cif,17.60243,14.13075,15.70725,0.387615,1481.19,3821.29,0.7676,1.9803155192652504,0.7676,0.0,1.98032,0.0,27409.1,0.0
MOF_net-acs-i_node1-N86_edge1-E3,MOF_net-acs-i_node1-N86_edge1-E3.cif,18.59915,13.23594,18.58175,0.315788,1423.96,4509.21,0.7988,2.5295451378773097,0.7988,0.0,2.52954,0.0,27694.0,0.0
MOF_net-acs-i_node1-N86_edge1-E5,MOF_net-acs-i_node1-N86_edge1-E5.cif,24.38832,17.13082,22.51019,0.242738,1186.53,4888.1,0.8515,3.507897403785151,0.8515,0.0,3.5079,0.0,47153.3,0.0
MOF_net-acs-i_node1-N86_edge1-E8,MOF_net-acs-i_node1-N86_edge1-E8.cif,27.9195,22.00825,26.60043,0.180522,1003.67,5559.84,0.8901,4.930700967195135,0.8901,0.0,4.9307,0.0,72674.4,0.0
MOF_net-acs_node1-N38_edge1-E0,MOF_net-acs_node1-N38_edge1-E0.cif,16.48482,14.43809,16.39741,0.395888,1839.2,4645.77,0.777,1.962676312492422,0.777,0.0,1.96268,0.0,6677.06,0.0
MOF_net-acs_node1-N38_edge1-E1,MOF_net-acs_node1-N38_edge1-E1.cif,18.45082,16.8064,18.45082,0.295953,1738.49,5874.21,0.8087,2.7325284758052795,0.8087,0.0,2.73253,0.0,14420.6,0.0
MOF_net-acs_node1-N38_edge1-E10,MOF_net-acs_node1-N38_edge1-E10.cif,10.59019,8.87817,10.59019,0.78173,1889.34,2416.87,0.6276,0.8028347383367659,0.6276,0.0,0.802835,0.0,2282.5,0.0
MOF_net-acs_node1-N38_edge1-E13,MOF_net-acs_node1-N38_edge1-E13.cif,24.5881,22.92984,24.5881,0.215073,1205.2,5603.7,0.8844,4.1120921733550935,0.8844,0.0,4.1121,0.0,15465.7,0.0
MOF_net-acs_node1-N38_edge1-E14,MOF_net-acs_node1-N38_edge1-E14.cif,18.5209,16.55508,18.48251,0.350651,1593.84,4545.38,0.8273,2.3593259394668773,0.8273,0.0,2.35932,0.0,7131.11,0.0
MOF_net-acs_node1-N38_edge1-E15,MOF_net-acs_node1-N38_edge1-E15.cif,23.10811,20.16159,23.10811,0.227086,1390.33,6122.46,0.8716,3.838193459746528,0.8716,0.0,3.83819,0.0,15508.3,0.0
MOF_net-acs_node1-N38_edge1-E2,MOF_net-acs_node1-N38_edge1-E2.cif,11.15449,9.0859,11.14612,0.758384,1878.62,2477.14,0.6231,0.8216154349247875,0.6231,0.0,0.821616,0.0,2319.55,0.0
MOF_net-acs_node1-N38_edge1-E3,MOF_net-acs_node1-N38_edge1-E3.cif,11.55029,10.60268,11.55029,0.622652,2091.03,3358.26,0.7054,1.1328960639329837,0.7054,0.0,1.1329,0.0,2542.96,0.0
MOF_net-acs_node1-N38_edge1-E4,MOF_net-acs_node1-N38_edge1-E4.cif,15.86113,12.63827,15.74112,0.389403,1899.91,4879.02,0.779,2.000498198524408,0.779,0.0,2.0005,0.0,7523.91,0.0
MOF_net-acs_node1-N38_edge1-E5,MOF_net-acs_node1-N38_edge1-E5.cif,15.02676,13.32277,14.99039,0.45998,1909.9,4152.13,0.7761,1.6872472716205054,0.7761,0.0,1.68725,0.0,4628.82,0.0
MOF_net-acs_node1-N38_edge1-E6,MOF_net-acs_node1-N38_edge1-E6.cif,14.43509,12.96531,14.43509,0.436898,1934.0,4426.66,0.82,1.8768682850459373,0.82,0.0,1.87687,0.0,3688.32,0.0
MOF_net-acs_node1-N38_edge1-E7,MOF_net-acs_node1-N38_edge1-E7.cif,16.05599,13.88436,16.05599,0.403832,1996.18,4943.09,0.7507,1.8589413419441747,0.7507,0.0,1.85894,0.0,6621.28,0.0
MOF_net-acs_node1-N38_edge1-E8,MOF_net-acs_node1-N38_edge1-E8.cif,18.06982,16.85144,18.06982,0.33346,1623.76,4869.44,0.8316,2.493852336112277,0.8316,0.0,2.49385,0.0,7488.64,0.0
MOF_net-acs_node1-N38_edge1-E9,MOF_net-acs_node1-N38_edge1-E9.cif,21.15058,19.60141,21.15058,0.250247,1407.48,5624.35,0.8709,3.480161600338865,0.8709,0.0,3.48016,0.0,11353.2,0.0
MOF_net-acs_node1-N38_edge1-none,MOF_net-acs_node1-N38_edge1-none.cif,5.85137,4.71583,5.85137,1.50699,801.797,532.052,0.3708,0.2460533911970218,0.2617,0.1091,0.173657,0.0723959,258.137,107.615
MOF_net-acs_node1-N52_edge1-E6,MOF_net-acs_node1-N52_edge1-E6.cif,13.28515,12.30522,13.28515,0.554769,2120.6,3822.49,0.7788,1.4038275390297583,0.7788,0.0,1.40383,0.0,2817.64,0.0
MOF_net-acs_node1-N52_edge1-none,MOF_net-acs_node1-N52_edge1-none.cif,5.94052,5.42826,5.94052,2.1626,1056.47,488.52,0.3501,0.161888467585314,0.3501,0.0,0.161889,0.0,247.437,0.0
MOF_net-acs_node1-N61_edge1-E0,MOF_net-acs_node1-N61_edge1-E0.cif,16.26248,13.518,16.02803,0.385506,1894.04,4913.12,0.7708,1.999450073410012,0.7708,0.0,1.99945,0.0,6585.24,0.0
MOF_net-acs_node1-N61_edge1-E1,MOF_net-acs_node1-N61_edge1-E1.cif,20.70176,18.92646,20.51142,0.293054,1577.59,5383.27,0.7998,2.729189842145133,0.7998,0.0,2.72919,0.0,14106.9,0.0
MOF_net-acs_node1-N61_edge1-E10,MOF_net-acs_node1-N61_edge1-E10.cif,10.17874,8.15031,10.12296,0.750465,1982.03,2641.07,0.6288,0.8378805140812696,0.6288,0.0,0.837881,0.0,2291.23,0.0
MOF_net-acs_node1-N61_edge1-E13,MOF_net-acs_node1-N61_edge1-E13.cif,22.94775,20.81097,22.94775,0.211138,1242.73,5885.86,0.8828,4.181151663840711,0.8828,0.0,4.18115,0.0,15271.8,0.0
MOF_net-acs_node1-N61_edge1-E14,MOF_net-acs_node1-N61_edge1-E14.cif,16.88976,16.38163,16.88976,0.340071,1638.4,4817.82,0.8189,2.4080265591597048,0.8189,0.0,2.40803,0.0,7017.07,0.0
MOF_net-acs_node1-N61_edge1-E15,MOF_net-acs_node1-N61_edge1-E15.cif,22.16007,18.42495,21.80323,0.22342,1407.89,6301.55,0.8678,3.884164354131233,0.8678,0.0,3.88417,0.0,15272.7,0.0
MOF_net-acs_node1-N61_edge1-E2,MOF_net-acs_node1-N61_edge1-E2.cif,11.71506,8.56278,11.47212,0.728011,1830.81,2514.82,0.6177,0.8484761906070102,0.6177,0.0,0.848476,0.0,2303.33,0.0
MOF_net-acs_node1-N61_edge1-E3,MOF_net-acs_node1-N61_edge1-E3.cif,10.63639,9.93131,10.63639,0.591394,2070.08,3500.33,0.6909,1.168256695198125,0.6909,0.0,1.16826,0.0,2495.59,0.0
MOF_net-acs_node1-N61_edge1-E4,MOF_net-acs_node1-N61_edge1-E4.cif,16.63059,10.96543,16.50875,0.380732,2006.84,5271.0,0.7747,2.034764611327653,0.7747,0.0,2.03477,0.0,7432.05,0.0
MOF_net-acs_node1-N61_edge1-E5,MOF_net-acs_node1-N61_edge1-E5.cif,13.84067,12.05334,13.84067,0.443064,1936.52,4370.73,0.7643,1.725032952349999,0.7643,0.0,1.72503,0.0,4545.33,0.0
MOF_net-acs_node1-N61_edge1-E7,MOF_net-acs_node1-N61_edge1-E7.cif,15.75772,13.05515,15.75772,0.393915,2097.68,5325.21,0.7476,1.8978713681885688,0.7476,0.0,1.89787,0.0,6554.04,0.0
MOF_net-acs_node1-N61_edge1-E8,MOF_net-acs_node1-N61_edge1-E8.cif,16.96726,15.49296,16.89863,0.323421,1657.61,5125.24,0.8222,2.5421973217570906,0.8222,0.0,2.5422,0.0,7358.01,0.0
MOF_net-acs_node1-N61_edge1-E9,MOF_net-acs_node1-N61_edge1-E9.cif,20.11443,18.32507,20.09344,0.2441,1429.99,5858.21,0.8674,3.5534616960262184,0.8674,0.0,3.55347,0.0,11206.8,0.0
MOF_net-acs_node1-N61_edge1-none,MOF_net-acs_node1-N61_edge1-none.cif,5.57435,4.01968,5.57435,1.37117,476.736,347.686,0.2995,0.2184265991817207,0.2134,0.0861,0.155634,0.0627932,214.461,86.5281
MOF_net-afi_node1-N10_edge1-E0,MOF_net-afi_node1-N10_edge1-E0.cif,46.2462,43.3016,46.2462,0.156595,1054.18,6731.94,0.8867,5.662377470545036,0.8867,0.0,5.6624,0.0,137467.0,0.0
MOF_net-afi_node1-N10_edge1-E1,MOF_net-afi_node1-N10_edge1-E1.cif,57.14145,52.38801,57.13418,0.117459,853.406,7265.59,0.8967,7.634153193880419,0.8967,0.0,7.63418,0.0,299871.0,0.0
MOF_net-afi_node1-N10_edge1-E13,MOF_net-afi_node1-N10_edge1-E13.cif,63.50119,59.05334,63.50119,0.0828547,599.722,7238.23,0.9471,11.430854254496124,0.9471,0.0,11.4308,0.0,310338.0,0.0
MOF_net-afi_node1-N10_edge1-E14,MOF_net-afi_node1-N10_edge1-E14.cif,48.03901,44.60904,48.01325,0.136575,897.851,6574.05,0.9177,6.71938495332235,0.9177,0.0,6.71938,0.0,142728.0,0.0
MOF_net-afi_node1-N10_edge1-E15,MOF_net-afi_node1-N10_edge1-E15.cif,61.91667,57.54432,61.91667,0.0880595,667.168,7576.33,0.9337,10.603058159539856,0.9337,0.0,10.6031,0.0,311573.0,0.0
MOF_net-afi_node1-N10_edge1-E2,MOF_net-afi_node1-N10_edge1-E2.cif,31.21472,27.75556,30.93096,0.31028,1496.49,4823.05,0.8136,2.6221477375273947,0.8136,0.0,2.62215,0.0,51515.6,0.0
MOF_net-afi_node1-N10_edge1-E3,MOF_net-afi_node1-N10_edge1-E3.cif,33.48563,30.52368,33.48563,0.245576,1413.01,5753.87,0.8496,3.459621461380592,0.8496,0.0,3.45962,0.0,51957.5,0.0
MOF_net-afi_node1-N10_edge1-E5,MOF_net-afi_node1-N10_edge1-E5.cif,40.97634,37.13693,40.92006,0.180889,1137.05,6285.9,0.885,4.892503137283086,0.885,0.0,4.89251,0.0,92998.4,0.0
MOF_net-afi_node1-N10_edge1-E7,MOF_net-afi_node1-N10_edge1-E7.cif,46.0573,42.51215,46.0573,0.160366,1098.92,6852.56,0.8707,5.429455121409775,0.8707,0.0,5.42945,0.0,138754.0,0.0
MOF_net-afi_node1-N10_edge1-E8,MOF_net-afi_node1-N10_edge1-E8.cif,49.06347,45.44,48.99658,0.12942,879.115,6792.71,0.9188,7.099366403956111,0.9188,0.0,7.09935,0.0,149681.0,0.0
MOF_net-afi_node1-N10_edge1-none,MOF_net-afi_node1-N10_edge1-none.cif,18.73273,16.03252,18.73273,0.613527,1790.72,2918.73,0.6864,1.1187771687309604,0.6864,0.0,1.11878,0.0,10016.2,0.0
MOF_net-afi_node1-N18_edge1-E0,MOF_net-afi_node1-N18_edge1-E0.cif,47.33723,45.58384,47.33723,0.171636,1018.73,5935.4,0.8891,5.180148686755692,0.8891,0.0,5.18016,0.0,140057.0,0.0
MOF_net-afi_node1-N18_edge1-E1,MOF_net-afi_node1-N18_edge1-E1.cif,59.231,55.86312,59.231,0.122677,831.331,6776.58,0.9018,7.351011191991979,0.9018,0.0,7.35101,0.0,309037.0,0.0
MOF_net-afi_node1-N18_edge1-E10,MOF_net-afi_node1-N18_edge1-E10.cif,33.4155,32.08449,33.4155,0.364625,1411.36,3870.73,0.8136,2.2313335618786425,0.8136,0.0,2.23134,0.0,50351.1,0.0
MOF_net-afi_node1-N18_edge1-E13,MOF_net-afi_node1-N18_edge1-E13.cif,65.37596,62.84029,65.37596,0.0890927,582.117,6533.83,0.9478,10.63835757587322,0.9478,0.0,10.6384,0.0,318185.0,0.0
MOF_net-afi_node1-N18_edge1-E14,MOF_net-afi_node1-N18_edge1-E14.cif,49.7205,47.91249,49.68438,0.151876,869.868,5727.5,0.9165,6.034528167715767,0.9165,0.0,6.03455,0.0,144837.0,0.0
MOF_net-afi_node1-N18_edge1-E15,MOF_net-afi_node1-N18_edge1-E15.cif,63.29215,60.16852,63.29215,0.0940269,647.98,6891.43,0.9348,9.941835793799434,0.9348,0.0,9.94184,0.0,319583.0,0.0
MOF_net-afi_node1-N18_edge1-E2,MOF_net-afi_node1-N18_edge1-E2.cif,32.27323,30.18448,32.27323,0.352874,1473.61,4176.01,0.8095,2.294019961799396,0.8095,0.0,2.29402,0.0,51400.6,0.0
MOF_net-afi_node1-N18_edge1-E3,MOF_net-afi_node1-N18_edge1-E3.cif,35.24791,32.87834,35.24791,0.290079,1357.92,4681.21,0.8486,2.925409974524181,0.8486,0.0,2.92541,0.0,52008.9,0.0
MOF_net-afi_node1-N18_edge1-E5,MOF_net-afi_node1-N18_edge1-E5.cif,42.3749,39.82522,42.3749,0.204959,1094.04,5337.87,0.888,4.332573831839539,0.888,0.0,4.33258,0.0,94313.2,0.0
MOF_net-afi_node1-N18_edge1-E7,MOF_net-afi_node1-N18_edge1-E7.cif,47.38447,45.52777,47.35852,0.174825,1070.33,6122.28,0.8717,4.986128986128986,0.8717,0.0,4.98613,0.0,141187.0,0.0
MOF_net-afi_node1-N18_edge1-E8,MOF_net-afi_node1-N18_edge1-E8.cif,50.54776,48.59898,50.54776,0.143962,850.914,5910.67,0.9186,6.380850502215862,0.9186,0.0,6.38083,0.0,152143.0,0.0
MOF_net-afi_node1-N18_edge1-none,MOF_net-afi_node1-N18_edge1-none.cif,21.16071,20.07102,21.16071,0.826718,1619.3,1958.71,0.6751,0.8166025174243213,0.6751,0.0,0.816602,0.0,9564.75,0.0
MOF_net-afi_node1-N29_edge1-E0,MOF_net-afi_node1-N29_edge1-E0.cif,47.67095,45.55009,47.67095,0.165408,1002.21,6059.0,0.8971,5.423558715418843,0.8971,0.0,5.42354,0.0,145979.0,0.0
MOF_net-afi_node1-N29_edge1-E1,MOF_net-afi_node1-N29_edge1-E1.cif,58.93061,56.07781,58.93061,0.118529,820.054,6918.61,0.9073,7.654666790405724,0.9073,0.0,7.65468,0.0,320874.0,0.0
MOF_net-afi_node1-N29_edge1-E10,MOF_net-afi_node1-N29_edge1-E10.cif,32.62324,31.51168,32.62324,0.350466,1406.74,4013.9,0.8249,2.353723328368515,0.8249,0.0,2.35372,0.0,52826.9,0.0
MOF_net-afi_node1-N29_edge1-E13,MOF_net-afi_node1-N29_edge1-E13.cif,64.76516,62.93333,64.75997,0.085978,570.341,6633.56,0.9501,11.050501291027937,0.9501,0.0,11.0505,0.0,329169.0,0.0
MOF_net-afi_node1-N29_edge1-E14,MOF_net-afi_node1-N29_edge1-E14.cif,48.72498,48.13502,48.72498,0.146274,852.783,5830.03,0.9233,6.3121265570094485,0.9233,0.0,6.31212,0.0,150732.0,0.0
MOF_net-afi_node1-N29_edge1-E15,MOF_net-afi_node1-N29_edge1-E15.cif,64.32682,61.33732,64.30322,0.0907571,633.328,6978.27,0.9353,10.3055298152982,0.9353,0.0,10.3055,0.0,330022.0,0.0
MOF_net-afi_node1-N29_edge1-E2,MOF_net-afi_node1-N29_edge1-E2.cif,33.07177,29.36,32.5625,0.339189,1436.7,4235.69,0.8284,2.4422961829540464,0.8284,0.0,2.4423,0.0,54426.3,0.0
MOF_net-afi_node1-N29_edge1-E3,MOF_net-afi_node1-N29_edge1-E3.cif,33.41662,32.88214,33.41662,0.278401,1336.75,4801.53,0.8624,3.0976900226651485,0.8624,0.0,3.09769,0.0,54695.4,0.0
MOF_net-afi_node1-N29_edge1-E5,MOF_net-afi_node1-N29_edge1-E5.cif,41.35378,40.06244,41.35378,0.197144,1071.54,5435.29,0.8961,4.5454084324148845,0.8961,0.0,4.5454,0.0,98393.9,0.0
MOF_net-afi_node1-N29_edge1-E7,MOF_net-afi_node1-N29_edge1-E7.cif,46.78893,45.58135,46.72032,0.168501,1048.32,6221.48,0.8783,5.212431973697485,0.8783,0.0,5.21244,0.0,146962.0,0.0
MOF_net-afi_node1-N29_edge1-E8,MOF_net-afi_node1-N29_edge1-E8.cif,49.97298,48.50101,49.76965,0.138652,835.851,6028.42,0.9242,6.665608862475839,0.9242,0.0,6.66562,0.0,158124.0,0.0
MOF_net-afi_node1-N29_edge1-none,MOF_net-afi_node1-N29_edge1-none.cif,19.48125,18.91181,19.48125,0.787445,1900.42,2413.4,0.7017,0.8911098552914807,0.7017,0.0,0.89111,0.0,10329.2,0.0
MOF_net-afi_node1-N42_edge1-E0,MOF_net-afi_node1-N42_edge1-E0.cif,48.80647,46.83162,48.80647,0.210264,1069.31,5085.55,0.854,4.061560704637979,0.854,0.0,4.06156,0.0,137690.0,0.0
MOF_net-afi_node1-N42_edge1-E13,MOF_net-afi_node1-N42_edge1-E13.cif,66.01441,63.32686,66.01441,0.10778,649.232,6023.69,0.9296,8.624976804601967,0.9296,0.0,8.62499,0.0,317164.0,0.0
MOF_net-afi_node1-N42_edge1-E14,MOF_net-afi_node1-N42_edge1-E14.cif,50.51434,47.74445,50.51434,0.190808,969.686,5082.0,0.8825,4.625068131315248,0.8825,0.0,4.62507,0.0,142751.0,0.0
MOF_net-afi_node1-N42_edge1-E15,MOF_net-afi_node1-N42_edge1-E15.cif,64.99973,61.47658,64.99973,0.112281,698.657,6222.39,0.9166,8.16344706584373,0.9166,0.0,8.16344,0.0,318446.0,0.0
MOF_net-afi_node1-N42_edge1-E2,MOF_net-afi_node1-N42_edge1-E2.cif,34.33946,30.68946,34.33946,0.445198,1399.47,3143.48,0.7474,1.6788035885156716,0.7474,0.0,1.6788,0.0,49138.3,0.0
MOF_net-afi_node1-N42_edge1-E3,MOF_net-afi_node1-N42_edge1-E3.cif,35.59924,33.23921,35.59924,0.388097,1353.61,3487.82,0.7713,1.9873897505005191,0.7713,0.0,1.98739,0.0,48972.9,0.0
MOF_net-afi_node1-N42_edge1-E5,MOF_net-afi_node1-N42_edge1-E5.cif,42.37978,39.93671,42.37978,0.262105,1170.36,4465.23,0.842,3.212453024551229,0.842,0.0,3.21245,0.0,91978.4,0.0
MOF_net-afi_node1-N42_edge1-E8,MOF_net-afi_node1-N42_edge1-E8.cif,51.1924,49.12027,51.05811,0.181226,950.266,5243.55,0.8851,4.88395704810568,0.8851,0.0,4.88397,0.0,149973.0,0.0
MOF_net-afi_node1-N42_edge1-E9,MOF_net-afi_node1-N42_edge1-E9.cif,58.84939,55.73691,58.84939,0.130847,769.403,5880.15,0.9165,7.004363875365886,0.9165,0.0,7.00434,0.0,229621.0,0.0
MOF_net-afi_node1-N42_edge1-none,MOF_net-afi_node1-N42_edge1-none.cif,21.60118,20.01995,21.60118,1.23147,1187.3,964.132,0.5577,0.4528733952106019,0.5577,0.0,0.452875,0.0,8412.75,0.0
MOF_net-afi_node1-N4_edge1-E13,MOF_net-afi_node1-N4_edge1-E13.cif,63.34945,59.9939,63.34945,0.106926,663.872,6208.73,0.9154,8.561060920636702,0.9154,0.0,8.56109,0.0,369468.0,0.0
MOF_net-afi_node1-N4_edge1-E14,MOF_net-afi_node1-N4_edge1-E14.cif,46.88438,44.09544,46.88438,0.188433,1056.96,5609.2,0.8577,4.55175048956393,0.8577,0.0,4.55176,0.0,169547.0,0.0
MOF_net-afi_node1-N4_edge1-E2,MOF_net-afi_node1-N4_edge1-E2.cif,31.79326,29.50178,31.79326,0.421715,1542.59,3657.89,0.6912,1.6390216141232825,0.6912,0.0,1.63902,0.0,58437.3,0.0
MOF_net-afi_node1-N4_edge1-E3,MOF_net-afi_node1-N4_edge1-E3.cif,31.29369,29.01667,31.29369,0.379135,1545.7,4076.91,0.7055,1.860814749363683,0.7055,0.0,1.86082,0.0,57733.2,0.0
MOF_net-afi_node1-N4_edge1-E5,MOF_net-afi_node1-N4_edge1-E5.cif,39.7404,37.18919,39.7404,0.257019,1306.45,5083.07,0.7972,3.101716215532704,0.7972,0.0,3.10171,0.0,108609.0,0.0
MOF_net-afi_node1-N4_edge1-E8,MOF_net-afi_node1-N4_edge1-E8.cif,47.79508,44.97329,47.79508,0.179516,1029.25,5733.47,0.8616,4.799572182980904,0.8616,0.0,4.79957,0.0,178022.0,0.0
MOF_net-afi_node1-N4_edge1-none,MOF_net-afi_node1-N4_edge1-none.cif,15.15883,13.34709,15.15883,1.13993,932.488,818.026,0.3239,0.2841402542261367,0.3145,0.0094,0.275895,0.00824616,6886.42,205.826
MOF_net-afi_node1-N55_edge1-E0,MOF_net-afi_node1-N55_edge1-E0.cif,47.76474,44.83101,47.76474,0.159464,1029.95,6458.82,0.8905,5.5843325139216375,0.8905,0.0,5.58435,0.0,139306.0,0.0
MOF_net-afi_node1-N55_edge1-E1,MOF_net-afi_node1-N55_edge1-E1.cif,57.89296,53.87577,57.89296,0.118304,845.355,7145.6,0.9011,7.616817690018934,0.9011,0.0,7.61681,0.0,304282.0,0.0
MOF_net-afi_node1-N55_edge1-E10,MOF_net-afi_node1-N55_edge1-E10.cif,32.95077,31.45038,32.95077,0.329053,1425.85,4333.18,0.8218,2.4974700124296088,0.8218,0.0,2.49747,0.0,51133.5,0.0
MOF_net-afi_node1-N55_edge1-E13,MOF_net-afi_node1-N55_edge1-E13.cif,64.85144,60.93839,64.85144,0.0840703,587.892,6992.87,0.95,11.30006672986774,0.95,0.0,11.3001,0.0,314344.0,0.0
MOF_net-afi_node1-N55_edge1-E14,MOF_net-afi_node1-N55_edge1-E14.cif,49.4084,46.56679,49.4084,0.139607,873.332,6255.66,0.9233,6.613565222374236,0.9233,0.0,6.61358,0.0,144903.0,0.0
MOF_net-afi_node1-N55_edge1-E15,MOF_net-afi_node1-N55_edge1-E15.cif,63.19394,58.68506,62.78826,0.0891986,654.66,7339.36,0.9361,10.494559331648704,0.9361,0.0,10.4946,0.0,315403.0,0.0
MOF_net-afi_node1-N55_edge1-E2,MOF_net-afi_node1-N55_edge1-E2.cif,30.99616,28.40114,30.99616,0.318319,1504.81,4727.37,0.8266,2.596766137114027,0.8266,0.0,2.59677,0.0,52753.4,0.0
MOF_net-afi_node1-N55_edge1-E3,MOF_net-afi_node1-N55_edge1-E3.cif,34.49704,31.93246,34.49553,0.254486,1356.34,5329.73,0.8602,3.380146648538623,0.8602,0.0,3.38015,0.0,53024.4,0.0
MOF_net-afi_node1-N55_edge1-E5,MOF_net-afi_node1-N55_edge1-E5.cif,41.41413,38.83503,41.41413,0.185649,1097.13,5909.72,0.8945,4.818232255492892,0.8945,0.0,4.81823,0.0,94808.7,0.0
MOF_net-afi_node1-N55_edge1-E7,MOF_net-afi_node1-N55_edge1-E7.cif,47.32297,44.10202,47.32297,0.163083,1083.87,6646.14,0.8755,5.368432025410374,0.8755,0.0,5.36842,0.0,140785.0,0.0
MOF_net-afi_node1-N55_edge1-E8,MOF_net-afi_node1-N55_edge1-E8.cif,50.41684,47.39712,50.41684,0.132321,854.463,6457.5,0.9233,6.977728402899011,0.9233,0.0,6.97772,0.0,151783.0,0.0
MOF_net-afi_node1-N55_edge1-none,MOF_net-afi_node1-N55_edge1-none.cif,21.44001,20.0922,21.43985,0.656132,1735.29,2644.73,0.7147,1.08926252644285,0.7147,0.0,1.08926,0.0,10480.4,0.0
MOF_net-afi_node1-N73_edge1-E0,MOF_net-afi_node1-N73_edge1-E0.cif,48.52763,47.20237,48.52763,0.168892,904.371,5354.74,0.9,5.328849205409375,0.9,0.0,5.32886,0.0,166792.0,0.0
MOF_net-afi_node1-N73_edge1-E1,MOF_net-afi_node1-N73_edge1-E1.cif,60.64903,57.49741,60.64903,0.118324,745.266,6298.5,0.9117,7.705114769615632,0.9117,0.0,7.70509,0.0,356766.0,0.0
MOF_net-afi_node1-N73_edge1-E10,MOF_net-afi_node1-N73_edge1-E10.cif,34.3645,32.96348,34.3645,0.351445,1272.24,3620.03,0.8418,2.395253880408029,0.8418,0.0,2.39525,0.0,64259.8,0.0
MOF_net-afi_node1-N73_edge1-E13,MOF_net-afi_node1-N73_edge1-E13.cif,65.83377,64.37894,65.81041,0.0890827,529.492,5943.82,0.9513,10.67884112178908,0.9513,0.0,10.6788,0.0,364915.0,0.0
MOF_net-afi_node1-N73_edge1-E14,MOF_net-afi_node1-N73_edge1-E14.cif,50.27593,49.41345,50.27593,0.152031,776.506,5107.55,0.9291,6.111253625905244,0.9291,0.0,6.11126,0.0,172727.0,0.0
MOF_net-afi_node1-N73_edge1-E15,MOF_net-afi_node1-N73_edge1-E15.cif,64.81961,62.72041,64.81961,0.0932461,586.74,6292.38,0.9375,10.054039793621396,0.9375,0.0,10.054,0.0,366046.0,0.0
MOF_net-afi_node1-N73_edge1-E2,MOF_net-afi_node1-N73_edge1-E2.cif,33.80259,32.65646,33.78708,0.341071,1293.42,3792.22,0.85,2.4921497283556797,0.85,0.0,2.49215,0.0,66462.8,0.0
MOF_net-afi_node1-N73_edge1-E3,MOF_net-afi_node1-N73_edge1-E3.cif,35.47239,34.85175,35.47239,0.291409,1194.09,4097.65,0.8748,3.0019663085217,0.8748,0.0,3.00197,0.0,66165.9,0.0
MOF_net-afi_node1-N73_edge1-E5,MOF_net-afi_node1-N73_edge1-E5.cif,43.33871,41.61896,43.12897,0.204536,969.03,4737.71,0.9062,4.4305158994015725,0.9062,0.0,4.43052,0.0,115330.0,0.0
MOF_net-afi_node1-N73_edge1-E7,MOF_net-afi_node1-N73_edge1-E7.cif,48.70262,47.18531,48.70262,0.171164,936.359,5470.53,0.8882,5.189175293870206,0.8882,0.0,5.18917,0.0,169055.0,0.0
MOF_net-afi_node1-N73_edge1-E8,MOF_net-afi_node1-N73_edge1-E8.cif,51.18568,50.57193,51.18568,0.144546,762.433,5274.67,0.9253,6.401422384569618,0.9253,0.0,6.40141,0.0,179920.0,0.0
MOF_net-afi_node1-N74_edge1-E1,MOF_net-afi_node1-N74_edge1-E1.cif,60.42247,56.25948,59.60476,0.13074,820.249,6273.9,0.903,6.906837999082148,0.903,0.0,6.90685,0.0,319805.0,0.0
MOF_net-afi_node1-N74_edge1-E10,MOF_net-afi_node1-N74_edge1-E10.cif,33.9476,31.77026,33.9476,0.408236,1383.94,3390.05,0.8219,2.013296230611705,0.8219,0.0,2.0133,0.0,54012.6,0.0
MOF_net-afi_node1-N74_edge1-E13,MOF_net-afi_node1-N74_edge1-E13.cif,65.87707,63.37185,65.85697,0.0984671,571.864,5807.67,0.9475,9.62250335391212,0.9475,0.0,9.6225,0.0,328818.0,0.0
MOF_net-afi_node1-N74_edge1-E14,MOF_net-afi_node1-N74_edge1-E14.cif,50.10517,48.26618,50.10517,0.171272,850.181,4963.91,0.9214,5.379746835443037,0.9214,0.0,5.37973,0.0,152052.0,0.0
MOF_net-afi_node1-N74_edge1-E2,MOF_net-afi_node1-N74_edge1-E2.cif,32.9183,29.94898,32.9183,0.395768,1448.82,3660.79,0.8225,2.0782377554526894,0.8225,0.0,2.07824,0.0,55424.2,0.0
MOF_net-afi_node1-N74_edge1-E3,MOF_net-afi_node1-N74_edge1-E3.cif,35.00648,33.4317,35.00648,0.338608,1334.25,3940.41,0.8578,2.5333128573453667,0.8578,0.0,2.53331,0.0,55836.3,0.0
MOF_net-afi_node1-N74_edge1-E5,MOF_net-afi_node1-N74_edge1-E5.cif,43.12002,40.54656,43.12002,0.233178,1073.85,4605.27,0.8916,3.823688341095644,0.8916,0.0,3.8237,0.0,99534.3,0.0
MOF_net-afi_node1-N74_edge1-E7,MOF_net-afi_node1-N74_edge1-E7.cif,47.96012,45.94071,47.85771,0.192687,1046.01,5428.54,0.8763,4.547789939124072,0.8763,0.0,4.54779,0.0,148160.0,0.0
MOF_net-afi_node1-N74_edge1-E8,MOF_net-afi_node1-N74_edge1-E8.cif,50.83031,49.02062,50.83031,0.162608,832.336,5118.66,0.9205,5.660853094558693,0.9205,0.0,5.66085,0.0,159105.0,0.0
MOF_net-afi_node1-N74_edge1-none,MOF_net-afi_node1-N74_edge1-none.cif,20.43633,20.13381,20.43633,1.02122,1683.41,1648.43,0.6895,0.6751728324944674,0.6895,0.0,0.675174,0.0,10786.2,0.0
MOF_net-afi_node1-N78_edge1-E0,MOF_net-afi_node1-N78_edge1-E0.cif,44.79875,41.57036,44.79755,0.17793,1030.55,5791.9,0.8886,4.994098802900017,0.8886,0.0,4.99411,0.0,137597.0,0.0
MOF_net-afi_node1-N78_edge1-E1,MOF_net-afi_node1-N78_edge1-E1.cif,55.47675,51.53878,55.47675,0.126809,847.461,6682.99,0.9005,7.101230985182439,0.9005,0.0,7.10126,0.0,302193.0,0.0
MOF_net-afi_node1-N78_edge1-E10,MOF_net-afi_node1-N78_edge1-E10.cif,31.31479,29.09824,31.31479,0.376991,1430.75,3795.18,0.8172,2.1676910058860823,0.8172,0.0,2.16769,0.0,50030.5,0.0
MOF_net-afi_node1-N78_edge1-E13,MOF_net-afi_node1-N78_edge1-E13.cif,62.24502,58.6329,61.80119,0.0925339,590.54,6381.87,0.9487,10.252458828602274,0.9487,0.0,10.2525,0.0,311920.0,0.0
MOF_net-afi_node1-N78_edge1-E14,MOF_net-afi_node1-N78_edge1-E14.cif,47.28882,44.18795,47.28882,0.157814,877.439,5559.95,0.9188,5.82204367166411,0.9188,0.0,5.82203,0.0,142733.0,0.0
MOF_net-afi_node1-N78_edge1-E15,MOF_net-afi_node1-N78_edge1-E15.cif,61.38278,56.71369,61.38278,0.0975385,657.86,6744.62,0.9347,9.582882656592012,0.9347,0.0,9.58288,0.0,312976.0,0.0
MOF_net-afi_node1-N78_edge1-E2,MOF_net-afi_node1-N78_edge1-E2.cif,30.27338,27.61634,30.26189,0.365023,1495.68,4097.5,0.8186,2.24259841160694,0.8186,0.0,2.2426,0.0,51402.6,0.0
MOF_net-afi_node1-N78_edge1-E3,MOF_net-afi_node1-N78_edge1-E3.cif,32.58222,30.03361,32.58222,0.30172,1370.73,4543.06,0.8565,2.838724645366565,0.8565,0.0,2.83872,0.0,51928.7,0.0
MOF_net-afi_node1-N78_edge1-E5,MOF_net-afi_node1-N78_edge1-E5.cif,39.10344,36.70443,39.10344,0.212906,1109.47,5211.09,0.892,4.189642377387203,0.892,0.0,4.18965,0.0,93358.2,0.0
MOF_net-afi_node1-N78_edge1-E7,MOF_net-afi_node1-N78_edge1-E7.cif,44.7483,42.0518,44.46273,0.18109,1084.05,5986.23,0.8728,4.819702910155171,0.8728,0.0,4.8197,0.0,138955.0,0.0
MOF_net-afi_node1-N78_edge1-E8,MOF_net-afi_node1-N78_edge1-E8.cif,47.6198,45.33432,47.58842,0.149644,862.503,5763.7,0.922,6.161289460319158,0.922,0.0,6.16129,0.0,150079.0,0.0
MOF_net-afi_node1-N78_edge1-none,MOF_net-afi_node1-N78_edge1-none.cif,19.50558,18.21002,19.50558,0.860153,1703.7,1980.69,0.6706,0.7796287404682656,0.6686,0.002,0.777303,0.00232517,9504.49,28.431
MOF_net-afi_node1-N79_edge1-E0,MOF_net-afi_node1-N79_edge1-E0.cif,66.59811,63.3453,66.58988,0.0889334,627.874,7060.05,0.9174,10.315584471076107,0.9174,0.0,10.3156,0.0,452642.0,0.0
MOF_net-afi_node1-N79_edge1-E13,MOF_net-afi_node1-N79_edge1-E13.cif,82.17721,78.68874,82.17721,0.0560375,409.864,7314.1,0.9547,17.036805710461746,0.9547,0.0,17.0368,0.0,796495.0,0.0
MOF_net-afi_node1-N79_edge1-E14,MOF_net-afi_node1-N79_edge1-E14.cif,66.65536,63.78492,66.6484,0.0826009,577.291,6988.92,0.9306,11.266221070230468,0.9306,0.0,11.2662,0.0,460152.0,0.0
MOF_net-afi_node1-N79_edge1-E2,MOF_net-afi_node1-N79_edge1-E2.cif,52.40799,49.42011,52.40799,0.141284,886.654,6275.66,0.8823,6.244868491832055,0.8823,0.0,6.24485,0.0,245102.0,0.0
MOF_net-afi_node1-N79_edge1-E3,MOF_net-afi_node1-N79_edge1-E3.cif,51.93791,49.65484,51.93301,0.127274,855.065,6718.29,0.8901,6.993572921413644,0.8901,0.0,6.99356,0.0,242121.0,0.0
MOF_net-afi_node1-N79_edge1-E5,MOF_net-afi_node1-N79_edge1-E5.cif,59.90928,57.31061,59.90712,0.101185,694.241,6861.08,0.9111,9.004299056184218,0.9111,0.0,9.00426,0.0,347660.0,0.0
MOF_net-afi_node1-N79_edge1-E7,MOF_net-afi_node1-N79_edge1-E7.cif,67.10578,63.04837,67.10578,0.0898346,642.795,7155.31,0.9111,10.141972024142143,0.9111,0.0,10.142,0.0,457993.0,0.0
MOF_net-afi_node1-N79_edge1-E8,MOF_net-afi_node1-N79_edge1-E8.cif,67.51453,64.6089,67.50473,0.0797385,566.979,7110.48,0.9318,11.685697624108805,0.9318,0.0,11.6857,0.0,475444.0,0.0
MOF_net-afi_node1-N79_edge1-none,MOF_net-afi_node1-N79_edge1-none.cif,36.62999,34.95568,36.62999,0.229356,1383.43,6031.79,0.8037,3.504159472610265,0.8037,0.0,3.50415,0.0,100061.0,0.0
MOF_net-afw_node1-N10_edge1-E0,MOF_net-afw_node1-N10_edge1-E0.cif,23.47268,17.87421,23.41454,0.194639,1230.45,6321.72,0.8746,4.493446842616331,0.8746,0.0,4.49345,0.0,40908.0,0.0
MOF_net-afw_node1-N10_edge1-E1,MOF_net-afw_node1-N10_edge1-E1.cif,31.54185,21.31019,27.05855,0.145531,970.617,6669.49,0.8959,6.156076712178161,0.8959,0.0,6.15608,0.0,90679.3,0.0
MOF_net-afw_node1-N10_edge1-E10,MOF_net-afw_node1-N10_edge1-E10.cif,16.10583,10.8403,15.55034,0.400743,1734.18,4327.41,0.7793,1.9446378352210767,0.7793,0.0,1.94464,0.0,14442.9,0.0
MOF_net-afw_node1-N10_edge1-E13,MOF_net-afw_node1-N10_edge1-E13.cif,35.47342,25.95365,35.47342,0.102666,709.951,6915.13,0.9428,9.183176514133208,0.9428,0.0,9.18314,0.0,93493.0,0.0
MOF_net-afw_node1-N10_edge1-E14,MOF_net-afw_node1-N10_edge1-E14.cif,25.65061,18.57564,25.59701,0.169756,1069.99,6303.08,0.9041,5.325879497631895,0.9041,0.0,5.32588,0.0,42423.1,0.0
MOF_net-afw_node1-N10_edge1-E15,MOF_net-afw_node1-N10_edge1-E15.cif,34.7232,24.53172,34.7232,0.10912,777.727,7127.29,0.9304,8.526392961876834,0.9304,0.0,8.52643,0.0,93956.7,0.0
MOF_net-afw_node1-N10_edge1-E4,MOF_net-afw_node1-N10_edge1-E4.cif,25.26965,17.71213,25.26965,0.192226,1275.59,6635.9,0.8744,4.548812335480111,0.8744,0.0,4.54882,0.0,46311.3,0.0
MOF_net-afw_node1-N10_edge1-E5,MOF_net-afw_node1-N10_edge1-E5.cif,21.30157,15.03431,20.83297,0.225275,1319.83,5858.74,0.8727,3.873931861058706,0.8727,0.0,3.87393,0.0,27613.9,0.0
MOF_net-afw_node1-N10_edge1-E7,MOF_net-afw_node1-N10_edge1-E7.cif,23.71892,16.48839,23.71892,0.199297,1251.72,6280.71,0.8597,4.313662523771056,0.8597,0.0,4.31367,0.0,41339.8,0.0
MOF_net-afw_node1-N10_edge1-E8,MOF_net-afw_node1-N10_edge1-E8.cif,25.82847,18.86702,25.82847,0.160834,1035.7,6439.55,0.9063,5.635002549212231,0.9063,0.0,5.63501,0.0,44552.6,0.0
MOF_net-afw_node1-N10_edge1-E9,MOF_net-afw_node1-N10_edge1-E9.cif,30.52413,22.84848,30.4379,0.11935,835.331,6999.0,0.9326,7.813992459153749,0.9326,0.0,7.81399,0.0,67861.9,0.0
MOF_net-afw_node1-N10_edge1-none,MOF_net-afw_node1-N10_edge1-none.cif,8.96738,5.06597,8.59926,0.775833,2188.64,2821.01,0.581,0.7488725022008602,0.581,0.0,0.748872,0.0,2514.19,0.0
MOF_net-afw_node1-N18_edge1-E0,MOF_net-afw_node1-N18_edge1-E0.cif,24.96982,19.30723,24.2164,0.207426,1141.89,5505.03,0.8852,4.267546016410671,0.8852,0.0,4.26754,0.0,43268.3,0.0
MOF_net-afw_node1-N18_edge1-E1,MOF_net-afw_node1-N18_edge1-E1.cif,29.46257,23.10451,29.46257,0.148035,918.664,6205.73,0.899,6.072888168338569,0.899,0.0,6.0729,0.0,95739.5,0.0
MOF_net-afw_node1-N18_edge1-E10,MOF_net-afw_node1-N18_edge1-E10.cif,16.08753,12.41993,15.94673,0.441656,1610.19,3645.8,0.7949,1.799817052185411,0.7949,0.0,1.79982,0.0,15230.1,0.0
MOF_net-afw_node1-N18_edge1-E13,MOF_net-afw_node1-N18_edge1-E13.cif,35.58914,28.05729,35.58914,0.107512,663.741,6173.62,0.9428,8.769253664707195,0.9428,0.0,8.76922,0.0,98355.2,0.0
MOF_net-afw_node1-N18_edge1-E14,MOF_net-afw_node1-N18_edge1-E14.cif,25.76508,20.6783,25.76508,0.183536,987.099,5378.24,0.9116,4.966872984046726,0.9116,0.0,4.96688,0.0,44704.3,0.0
MOF_net-afw_node1-N18_edge1-E15,MOF_net-afw_node1-N18_edge1-E15.cif,35.29991,26.9505,35.29991,0.113455,732.327,6454.79,0.933,8.223524745493808,0.933,0.0,8.22354,0.0,99130.6,0.0
MOF_net-afw_node1-N18_edge1-E2,MOF_net-afw_node1-N18_edge1-E2.cif,16.39481,11.902,16.27123,0.427418,1682.06,3935.39,0.801,1.874043676213917,0.801,0.0,1.87404,0.0,15746.4,0.0
MOF_net-afw_node1-N18_edge1-E3,MOF_net-afw_node1-N18_edge1-E3.cif,16.61657,13.70497,16.54721,0.351358,1545.69,4399.21,0.8408,2.393000870906597,0.8408,0.0,2.393,0.0,15953.8,0.0
MOF_net-afw_node1-N18_edge1-E4,MOF_net-afw_node1-N18_edge1-E4.cif,23.88419,18.47428,23.6846,0.202402,1180.46,5832.27,0.8818,4.356676317427693,0.8818,0.0,4.35668,0.0,48864.3,0.0
MOF_net-afw_node1-N18_edge1-E5,MOF_net-afw_node1-N18_edge1-E5.cif,21.29084,17.2757,21.08038,0.247909,1229.75,4960.51,0.8814,3.555336837307238,0.8814,0.0,3.55534,0.0,29022.8,0.0
MOF_net-afw_node1-N18_edge1-E7,MOF_net-afw_node1-N18_edge1-E7.cif,24.56219,18.21999,24.50813,0.211255,1167.09,5524.53,0.8675,4.106411682563727,0.8675,0.0,4.1064,0.0,43603.7,0.0
MOF_net-afw_node1-N18_edge1-E8,MOF_net-afw_node1-N18_edge1-E8.cif,26.35055,20.99093,26.17156,0.173955,966.821,5557.88,0.9113,5.238711160932425,0.9113,0.0,5.23871,0.0,46841.5,0.0
MOF_net-afw_node1-N18_edge1-E9,MOF_net-afw_node1-N18_edge1-E9.cif,31.34151,24.59717,31.34151,0.12729,787.793,6188.99,0.9328,7.32814832272763,0.9328,0.0,7.32817,0.0,71227.5,0.0
MOF_net-afw_node1-N18_edge1-none,MOF_net-afw_node1-N18_edge1-none.cif,7.84203,6.44126,7.75875,1.00704,2232.81,2217.2,0.6236,0.6192405465522721,0.6236,0.0,0.619241,0.0,2719.91,0.0
MOF_net-afw_node1-N24_edge1-E0,MOF_net-afw_node1-N24_edge1-E0.cif,23.51267,20.09057,22.45833,0.195523,1211.34,6195.39,0.8699,4.4490929455869646,0.8699,0.0,4.44909,0.0,44564.2,0.0
MOF_net-afw_node1-N24_edge1-E1,MOF_net-afw_node1-N24_edge1-E1.cif,26.80474,23.68295,26.504,0.148239,986.495,6654.74,0.8909,6.0098894353038,0.8909,0.0,6.00987,0.0,94009.8,0.0
MOF_net-afw_node1-N24_edge1-E10,MOF_net-afw_node1-N24_edge1-E10.cif,15.18301,13.02859,14.92133,0.380703,1748.69,4593.32,0.7904,2.076159105654539,0.7904,0.0,2.07616,0.0,17314.2,0.0
MOF_net-afw_node1-N24_edge1-E13,MOF_net-afw_node1-N24_edge1-E13.cif,32.55518,28.86095,31.68684,0.10718,756.69,7060.0,0.936,8.732972569509238,0.936,0.0,8.73297,0.0,96879.0,0.0
MOF_net-afw_node1-N24_edge1-E14,MOF_net-afw_node1-N24_edge1-E14.cif,23.98418,20.92625,23.37838,0.172791,1102.59,6381.04,0.9033,5.2277028317447085,0.9033,0.0,5.2277,0.0,46411.5,0.0
MOF_net-afw_node1-N24_edge1-E15,MOF_net-afw_node1-N24_edge1-E15.cif,30.56253,27.56043,30.27734,0.113321,819.266,7229.61,0.925,8.162652994590587,0.925,0.0,8.16265,0.0,97396.8,0.0
MOF_net-afw_node1-N24_edge1-E2,MOF_net-afw_node1-N24_edge1-E2.cif,15.60223,13.0648,15.10678,0.369427,1735.65,4698.21,0.8093,2.190689906260236,0.8093,0.0,2.19069,0.0,18138.7,0.0
MOF_net-afw_node1-N24_edge1-E3,MOF_net-afw_node1-N24_edge1-E3.cif,15.59277,13.15853,14.93581,0.301378,1670.23,5541.97,0.8299,2.753684741421073,0.8299,0.0,2.75368,0.0,18021.2,0.0
MOF_net-afw_node1-N24_edge1-E5,MOF_net-afw_node1-N24_edge1-E5.cif,20.01169,17.01082,20.01169,0.225207,1337.38,5938.44,0.8735,3.878653860670406,0.8735,0.0,3.87866,0.0,31187.0,0.0
MOF_net-afw_node1-N24_edge1-E7,MOF_net-afw_node1-N24_edge1-E7.cif,21.68849,19.10826,21.01721,0.199679,1252.03,6270.21,0.8591,4.302405360603769,0.8591,0.0,4.30241,0.0,45158.0,0.0
MOF_net-afw_node1-N24_edge1-E8,MOF_net-afw_node1-N24_edge1-E8.cif,24.21293,21.38479,23.83407,0.16431,1062.22,6464.74,0.9038,5.500578175400158,0.9038,0.0,5.50059,0.0,48509.3,0.0
MOF_net-afw_node1-N24_edge1-E9,MOF_net-afw_node1-N24_edge1-E9.cif,27.98987,24.96942,27.87853,0.124051,880.587,7098.61,0.9256,7.461447307962048,0.9256,0.0,7.46147,0.0,71609.2,0.0
MOF_net-afw_node1-N29_edge1-E0,MOF_net-afw_node1-N29_edge1-E0.cif,21.49295,18.80236,21.46862,0.211157,1143.75,5416.56,0.884,4.1864584171966825,0.884,0.0,4.18645,0.0,42255.5,0.0
MOF_net-afw_node1-N29_edge1-E1,MOF_net-afw_node1-N29_edge1-E1.cif,28.1354,22.88591,26.29426,0.151322,945.437,6247.85,0.8962,5.922469964711013,0.8962,0.0,5.92247,0.0,93098.3,0.0
MOF_net-afw_node1-N29_edge1-E10,MOF_net-afw_node1-N29_edge1-E10.cif,14.96234,12.46659,14.96234,0.447319,1632.47,3649.46,0.8019,1.792680391398532,0.8019,0.0,1.79268,0.0,15088.1,0.0
MOF_net-afw_node1-N29_edge1-E13,MOF_net-afw_node1-N29_edge1-E13.cif,30.49889,28.16129,30.36846,0.109768,680.259,6197.27,0.9449,8.608155382260767,0.9449,0.0,8.60819,0.0,96157.0,0.0
MOF_net-afw_node1-N29_edge1-E14,MOF_net-afw_node1-N29_edge1-E14.cif,23.2957,20.67864,23.2957,0.186721,997.392,5341.62,0.9127,4.888041516487165,0.9127,0.0,4.88805,0.0,43772.1,0.0
MOF_net-afw_node1-N29_edge1-E15,MOF_net-afw_node1-N29_edge1-E15.cif,29.98563,26.42954,29.91959,0.11587,747.273,6449.24,0.9319,8.042633986364029,0.9319,0.0,8.04264,0.0,96583.5,0.0
MOF_net-afw_node1-N29_edge1-E4,MOF_net-afw_node1-N29_edge1-E4.cif,21.83652,18.11436,21.83078,0.206229,1203.85,5837.45,0.8837,4.285042355827745,0.8837,0.0,4.28503,0.0,47865.6,0.0
MOF_net-afw_node1-N29_edge1-E5,MOF_net-afw_node1-N29_edge1-E5.cif,19.53336,16.94924,19.27837,0.25167,1228.48,4881.31,0.8809,3.5002185401517862,0.8809,0.0,3.50022,0.0,28413.4,0.0
MOF_net-afw_node1-N29_edge1-E6,MOF_net-afw_node1-N29_edge1-E6.cif,18.39985,16.16455,18.39985,0.243544,1281.79,5263.07,0.9033,3.7089807180632657,0.9033,0.0,3.70898,0.0,21448.3,0.0
MOF_net-afw_node1-N29_edge1-E7,MOF_net-afw_node1-N29_edge1-E7.cif,20.58518,18.25463,20.25382,0.215111,1177.97,5476.1,0.8697,4.043028947845532,0.8697,0.0,4.04303,0.0,42746.6,0.0
MOF_net-afw_node1-N29_edge1-E8,MOF_net-afw_node1-N29_edge1-E8.cif,24.05732,21.43436,24.05732,0.176996,974.802,5507.48,0.9138,5.1628285384980455,0.9138,0.0,5.16283,0.0,45927.8,0.0
MOF_net-afw_node1-N29_edge1-E9,MOF_net-afw_node1-N29_edge1-E9.cif,27.30388,24.65951,27.12123,0.129748,800.495,6169.59,0.9352,7.207818232265622,0.9352,0.0,7.2078,0.0,69729.2,0.0
MOF_net-afw_node1-N29_edge1-none,MOF_net-afw_node1-N29_edge1-none.cif,7.96092,6.81757,7.96092,1.00443,2266.55,2256.54,0.6665,0.6635604273070299,0.6665,0.0,0.663557,0.0,2884.33,0.0
MOF_net-afw_node1-N42_edge1-E0,MOF_net-afw_node1-N42_edge1-E0.cif,25.56879,16.02483,25.56879,0.254915,1299.42,5097.47,0.8378,3.286585724653316,0.8378,0.0,3.28659,0.0,41781.5,0.0
MOF_net-afw_node1-N42_edge1-E1,MOF_net-afw_node1-N42_edge1-E1.cif,32.7131,21.57154,31.52382,0.169854,955.167,5623.46,0.881,5.186807493494412,0.881,0.0,5.1868,0.0,95120.0,0.0
MOF_net-afw_node1-N42_edge1-E10,MOF_net-afw_node1-N42_edge1-E10.cif,16.9861,9.41186,16.90959,0.558853,1813.38,3244.82,0.6994,1.2514918950063791,0.6994,0.0,1.25149,0.0,13811.3,0.0
MOF_net-afw_node1-N42_edge1-E13,MOF_net-afw_node1-N42_edge1-E13.cif,36.11035,24.40135,36.11035,0.130355,776.758,5958.79,0.9225,7.076828660197154,0.9225,0.0,7.07683,0.0,97587.8,0.0
MOF_net-afw_node1-N42_edge1-E14,MOF_net-afw_node1-N42_edge1-E14.cif,26.60831,17.0291,26.60831,0.231337,1199.54,5185.25,0.8656,3.7417274365968263,0.8656,0.0,3.74173,0.0,43307.8,0.0
MOF_net-afw_node1-N42_edge1-E15,MOF_net-afw_node1-N42_edge1-E15.cif,35.49211,23.5712,35.48945,0.135793,823.471,6064.17,0.9102,6.70284918957531,0.9102,0.0,6.70286,0.0,98051.3,0.0
MOF_net-afw_node1-N42_edge1-E2,MOF_net-afw_node1-N42_edge1-E2.cif,16.08318,9.03061,16.0828,0.541895,1870.11,3451.06,0.7035,1.2982219802729311,0.7035,0.0,1.29822,0.0,14249.5,0.0
MOF_net-afw_node1-N42_edge1-E3,MOF_net-afw_node1-N42_edge1-E3.cif,17.9674,10.25528,17.75708,0.472449,1849.12,3913.9,0.7414,1.5692699106146906,0.7414,0.0,1.56927,0.0,14501.1,0.0
MOF_net-afw_node1-N42_edge1-E5,MOF_net-afw_node1-N42_edge1-E5.cif,22.24359,12.99828,22.24359,0.31834,1498.77,4708.09,0.82,2.575862285606584,0.82,0.0,2.57586,0.0,27656.9,0.0
MOF_net-afw_node1-N42_edge1-E7,MOF_net-afw_node1-N42_edge1-E7.cif,25.62899,15.43687,25.57113,0.257296,1293.1,5025.72,0.8253,3.207589702132952,0.8253,0.0,3.20758,0.0,42315.3,0.0
MOF_net-afw_node1-N42_edge1-E8,MOF_net-afw_node1-N42_edge1-E8.cif,27.00427,18.04392,26.97757,0.219661,1162.92,5294.18,0.8728,3.973395368317544,0.8728,0.0,3.9734,0.0,45754.5,0.0
MOF_net-afw_node1-N4_edge1-E0,MOF_net-afw_node1-N4_edge1-E0.cif,21.92979,17.60057,21.92979,0.234431,1218.94,5199.57,0.8389,3.578451655284497,0.8389,0.0,3.57846,0.0,54058.7,0.0
MOF_net-afw_node1-N4_edge1-E1,MOF_net-afw_node1-N4_edge1-E1.cif,32.53894,24.55237,32.53894,0.154584,900.335,5824.26,0.8804,5.6952854111680375,0.8804,0.0,5.69529,0.0,118080.0,0.0
MOF_net-afw_node1-N4_edge1-E10,MOF_net-afw_node1-N4_edge1-E10.cif,12.76902,9.90032,12.76902,0.494894,1830.55,3698.87,0.6938,1.401916369970135,0.6938,0.0,1.40192,0.0,18827.5,0.0
MOF_net-afw_node1-N4_edge1-E13,MOF_net-afw_node1-N4_edge1-E13.cif,32.22282,25.83447,32.22282,0.12304,742.418,6033.98,0.9214,7.488621586475943,0.9214,0.0,7.48865,0.0,121194.0,0.0
MOF_net-afw_node1-N4_edge1-E14,MOF_net-afw_node1-N4_edge1-E14.cif,21.96677,17.63116,21.96677,0.216124,1183.91,5477.92,0.8643,3.9990931132127847,0.8643,0.0,3.99909,0.0,55860.3,0.0
MOF_net-afw_node1-N4_edge1-E15,MOF_net-afw_node1-N4_edge1-E15.cif,32.50532,25.98618,32.50532,0.127196,784.735,6169.5,0.91,7.154313028711595,0.91,0.0,7.15433,0.0,121783.0,0.0
MOF_net-afw_node1-N4_edge1-E2,MOF_net-afw_node1-N4_edge1-E2.cif,12.98358,10.08104,12.98358,0.481258,1823.12,3788.24,0.7075,1.4701054320135978,0.7075,0.0,1.47011,0.0,19655.6,0.0
MOF_net-afw_node1-N4_edge1-E3,MOF_net-afw_node1-N4_edge1-E3.cif,12.69096,9.82346,12.69096,0.432546,1879.44,4345.06,0.7209,1.6666435477382753,0.7209,0.0,1.66664,0.0,19390.8,0.0
MOF_net-afw_node1-N4_edge1-E5,MOF_net-afw_node1-N4_edge1-E5.cif,17.71566,14.04206,17.52741,0.294185,1439.47,4893.09,0.8042999999999999,2.7339939153933748,0.8038,0.0005,2.7323,0.00169961,35877.6,22.3175
MOF_net-afw_node1-N4_edge1-E6,MOF_net-afw_node1-N4_edge1-E6.cif,14.78716,11.59187,14.61001,0.321223,1668.78,5195.08,0.7998999999999999,2.490170380078637,0.7924,0.0075,2.46682,0.0233483,26632.1,252.071
MOF_net-afw_node1-N4_edge1-E7,MOF_net-afw_node1-N4_edge1-E7.cif,22.26383,17.87091,22.26383,0.235655,1214.36,5153.1,0.8221,3.4885743990155103,0.8221,0.0,3.48857,0.0,54373.7,0.0
MOF_net-afw_node1-N4_edge1-E8,MOF_net-afw_node1-N4_edge1-E8.cif,22.535,18.08926,22.535,0.205941,1155.42,5610.46,0.8648,4.199260953379851,0.8648,0.0,4.19927,0.0,58408.4,0.0
MOF_net-afw_node1-N4_edge1-none,MOF_net-afw_node1-N4_edge1-none.cif,5.02124,3.28007,4.84495,1.28629,0.0,0.0,0.0758,0.0589291683834905,0.0,0.0758,0.0,0.0589291,0.0,551.582
MOF_net-afw_node1-N55_edge1-E0,MOF_net-afw_node1-N55_edge1-E0.cif,24.41667,17.95797,24.33498,0.194354,1160.59,5971.51,0.8889,4.573613097749468,0.8889,0.0,4.57362,0.0,42784.8,0.0
MOF_net-afw_node1-N55_edge1-E1,MOF_net-afw_node1-N55_edge1-E1.cif,30.67687,21.56303,30.67687,0.143897,962.117,6686.15,0.9016,6.265592750370057,0.9016,0.0,6.26559,0.0,93863.6,0.0
MOF_net-afw_node1-N55_edge1-E10,MOF_net-afw_node1-N55_edge1-E10.cif,16.13802,11.5912,16.13802,0.402288,1668.28,4146.97,0.7984,1.984647814501054,0.7984,0.0,1.98465,0.0,15237.7,0.0
MOF_net-afw_node1-N55_edge1-E13,MOF_net-afw_node1-N55_edge1-E13.cif,36.40738,27.46123,36.40073,0.102271,674.642,6596.63,0.9469,9.258734147510046,0.9469,0.0,9.25877,0.0,96584.8,0.0
MOF_net-afw_node1-N55_edge1-E14,MOF_net-afw_node1-N55_edge1-E14.cif,27.53317,19.81883,27.53317,0.170154,1000.23,5878.37,0.9127,5.363964408712108,0.9127,0.0,5.36397,0.0,44071.6,0.0
MOF_net-afw_node1-N55_edge1-E15,MOF_net-afw_node1-N55_edge1-E15.cif,35.13992,25.01935,34.27769,0.108498,742.353,6842.1,0.933,8.59923685229221,0.933,0.0,8.59925,0.0,96915.6,0.0
MOF_net-afw_node1-N55_edge1-E2,MOF_net-afw_node1-N55_edge1-E2.cif,17.8703,12.32591,15.476,0.38917,1678.54,4313.14,0.8201,2.1073052907469743,0.8201,0.0,2.10731,0.0,16053.8,0.0
MOF_net-afw_node1-N55_edge1-E3,MOF_net-afw_node1-N55_edge1-E3.cif,17.87018,13.2977,17.87018,0.311203,1546.45,4969.25,0.8469,2.7213747939447885,0.8469,0.0,2.72137,0.0,16008.8,0.0
MOF_net-afw_node1-N55_edge1-E4,MOF_net-afw_node1-N55_edge1-E4.cif,24.33412,18.40493,24.33412,0.191409,1219.94,6373.49,0.8834,4.615247976845394,0.8834,0.0,4.61524,0.0,48144.9,0.0
MOF_net-afw_node1-N55_edge1-E5,MOF_net-afw_node1-N55_edge1-E5.cif,22.44679,15.67373,22.44679,0.226551,1238.65,5467.43,0.8855,3.908612188866966,0.8855,0.0,3.90862,0.0,28841.3,0.0
MOF_net-afw_node1-N55_edge1-E6,MOF_net-afw_node1-N55_edge1-E6.cif,21.39253,15.72149,21.38506,0.20985,1267.84,6041.67,0.9032,4.304026685727901,0.9032,0.0,4.30403,0.0,21709.9,0.0
MOF_net-afw_node1-N55_edge1-E7,MOF_net-afw_node1-N55_edge1-E7.cif,24.26648,17.41763,24.2602,0.198736,1195.07,6013.36,0.8698,4.3766604943241285,0.8698,0.0,4.37666,0.0,43041.1,0.0
MOF_net-afw_node1-N55_edge1-E8,MOF_net-afw_node1-N55_edge1-E8.cif,27.61964,20.40507,26.96889,0.161246,979.689,6075.75,0.9145,5.671458516800417,0.9145,0.0,5.67147,0.0,46263.1,0.0
MOF_net-afw_node1-N55_edge1-E9,MOF_net-afw_node1-N55_edge1-E9.cif,31.97134,24.15691,31.83835,0.119363,795.646,6665.79,0.9373,7.85251711166777,0.9373,0.0,7.85254,0.0,70165.9,0.0
MOF_net-afw_node1-N55_edge1-none,MOF_net-afw_node1-N55_edge1-none.cif,10.31639,6.54587,10.31639,0.808055,2237.05,2768.44,0.6808,0.8425169078837456,0.6808,0.0,0.842517,0.0,3039.86,0.0
MOF_net-afw_node1-N73_edge1-E0,MOF_net-afw_node1-N73_edge1-E0.cif,28.7604,21.06421,28.7604,0.190248,968.802,5092.31,0.9034,4.748538749421807,0.9034,0.0,4.74853,0.0,55735.4,0.0
MOF_net-afw_node1-N73_edge1-E1,MOF_net-afw_node1-N73_edge1-E1.cif,35.24022,25.09244,33.92652,0.133794,805.583,6021.09,0.9156,6.843356204314095,0.9156,0.0,6.84338,0.0,118825.0,0.0
MOF_net-afw_node1-N73_edge1-E10,MOF_net-afw_node1-N73_edge1-E10.cif,19.6761,14.02813,19.6761,0.393714,1379.29,3503.29,0.8408,2.1355603305953053,0.8408,0.0,2.13556,0.0,21484.8,0.0
MOF_net-afw_node1-N73_edge1-E13,MOF_net-afw_node1-N73_edge1-E13.cif,40.22931,30.28624,40.22931,0.100708,573.732,5697.0,0.9521,9.454065218254756,0.9521,0.0,9.4541,0.0,121149.0,0.0
MOF_net-afw_node1-N73_edge1-E14,MOF_net-afw_node1-N73_edge1-E14.cif,30.85029,22.97795,30.36111,0.171264,838.642,4896.77,0.9283,5.4202868086696565,0.9283,0.0,5.42028,0.0,57449.1,0.0
MOF_net-afw_node1-N73_edge1-E15,MOF_net-afw_node1-N73_edge1-E15.cif,39.01078,28.522,38.72523,0.105428,623.925,5918.01,0.9407,8.922677087680693,0.9407,0.0,8.92267,0.0,121821.0,0.0
MOF_net-afw_node1-N73_edge1-E2,MOF_net-afw_node1-N73_edge1-E2.cif,20.81753,14.63745,20.81753,0.3821,1387.54,3631.35,0.8485,2.2206228735933005,0.8485,0.0,2.22062,0.0,22208.0,0.0
MOF_net-afw_node1-N73_edge1-E3,MOF_net-afw_node1-N73_edge1-E3.cif,21.03956,15.28106,18.73527,0.326401,1286.18,3940.48,0.872,2.671560442523154,0.872,0.0,2.67156,0.0,22081.3,0.0
MOF_net-afw_node1-N73_edge1-E4,MOF_net-afw_node1-N73_edge1-E4.cif,28.98987,21.08188,28.37287,0.184353,1016.05,5511.43,0.9038,4.902551084061557,0.9038,0.0,4.90255,0.0,62823.3,0.0
MOF_net-afw_node1-N73_edge1-E5,MOF_net-afw_node1-N73_edge1-E5.cif,25.97655,18.55738,25.02488,0.229894,1024.4,4455.97,0.903,3.9278972047987337,0.903,0.0,3.9279,0.0,38342.6,0.0
MOF_net-afw_node1-N73_edge1-E7,MOF_net-afw_node1-N73_edge1-E7.cif,27.86833,20.01843,27.65756,0.192839,987.962,5123.25,0.8923,4.627176038042097,0.8923,0.0,4.62718,0.0,56529.8,0.0
MOF_net-afw_node1-N73_edge1-E8,MOF_net-afw_node1-N73_edge1-E8.cif,31.33886,23.18713,31.04089,0.162869,821.492,5043.9,0.9284,5.700286733509753,0.9284,0.0,5.7003,0.0,60080.4,0.0
MOF_net-afw_node1-N73_edge1-E9,MOF_net-afw_node1-N73_edge1-E9.cif,35.95082,27.02243,35.94804,0.119942,673.23,5612.96,0.9467,7.892981607777092,0.9467,0.0,7.89297,0.0,89333.7,0.0
MOF_net-afw_node1-N73_edge1-none,MOF_net-afw_node1-N73_edge1-none.cif,12.11385,8.7631,12.11385,0.907848,2006.98,2210.7,0.752,0.8283324961887893,0.752,0.0,0.828332,0.0,4962.34,0.0
MOF_net-afw_node1-N74_edge1-E0,MOF_net-afw_node1-N74_edge1-E0.cif,25.15356,18.87845,24.9595,0.228023,1118.05,4903.24,0.8868,3.889081364599185,0.8868,0.0,3.88908,0.0,45647.6,0.0
MOF_net-afw_node1-N74_edge1-E1,MOF_net-afw_node1-N74_edge1-E1.cif,31.86624,23.29183,31.86624,0.156559,895.854,5722.16,0.9028,5.7665161376861125,0.9028,0.0,5.76652,0.0,100127.0,0.0
MOF_net-afw_node1-N74_edge1-E10,MOF_net-afw_node1-N74_edge1-E10.cif,17.46352,12.55684,17.46352,0.489789,1564.37,3193.96,0.8035,1.6405023387622018,0.8035,0.0,1.6405,0.0,16504.3,0.0
MOF_net-afw_node1-N74_edge1-E14,MOF_net-afw_node1-N74_edge1-E14.cif,27.29738,21.04549,27.22655,0.205255,959.706,4675.67,0.9133,4.449587098974447,0.9133,0.0,4.44958,0.0,47160.8,0.0
MOF_net-afw_node1-N74_edge1-E15,MOF_net-afw_node1-N74_edge1-E15.cif,35.41894,27.22897,35.33616,0.123383,717.839,5817.97,0.934,7.569924543899889,0.934,0.0,7.56992,0.0,103352.0,0.0
MOF_net-afw_node1-N74_edge1-E2,MOF_net-afw_node1-N74_edge1-E2.cif,17.21036,12.02244,17.21036,0.474806,1645.18,3464.96,0.8153,1.717122361553982,0.8153,0.0,1.71712,0.0,17172.6,0.0
MOF_net-afw_node1-N74_edge1-E3,MOF_net-afw_node1-N74_edge1-E3.cif,18.03159,13.96142,18.00492,0.406235,1494.93,3679.96,0.8462,2.083030758058759,0.8462,0.0,2.08303,0.0,17216.9,0.0
MOF_net-afw_node1-N74_edge1-E4,MOF_net-afw_node1-N74_edge1-E4.cif,24.57111,18.8452,24.1717,0.220028,1181.86,5371.4,0.8872,4.0322140818441286,0.8872,0.0,4.03222,0.0,51670.4,0.0
MOF_net-afw_node1-N74_edge1-E5,MOF_net-afw_node1-N74_edge1-E5.cif,22.80885,17.28337,22.80885,0.279568,1198.66,4287.55,0.8843,3.1630944886396155,0.8843,0.0,3.16309,0.0,30876.8,0.0
MOF_net-afw_node1-N74_edge1-E7,MOF_net-afw_node1-N74_edge1-E7.cif,25.86485,18.31379,25.86485,0.230902,1145.5,4960.99,0.8718,3.775627755498004,0.8718,0.0,3.77562,0.0,46126.4,0.0
MOF_net-afw_node1-N74_edge1-E8,MOF_net-afw_node1-N74_edge1-E8.cif,27.97206,21.24008,27.97206,0.194875,938.304,4814.91,0.9141,4.690699166132136,0.9141,0.0,4.69071,0.0,49439.4,0.0
MOF_net-afw_node1-N74_edge1-E9,MOF_net-afw_node1-N74_edge1-E9.cif,32.90211,25.39667,32.71488,0.141701,765.739,5403.9,0.9343,6.593460878892881,0.9343,0.0,6.59345,0.0,74625.5,0.0
MOF_net-afw_node1-N78_edge1-E1,MOF_net-afw_node1-N78_edge1-E1.cif,31.75278,23.28261,31.75278,0.150139,921.218,6135.75,0.9046,6.025083422694969,0.9046,0.0,6.02507,0.0,96148.3,0.0
MOF_net-afw_node1-N78_edge1-E10,MOF_net-afw_node1-N78_edge1-E10.cif,16.36617,12.1966,16.36617,0.445201,1627.09,3654.72,0.808,1.8149105684847968,0.808,0.0,1.81491,0.0,15708.1,0.0
MOF_net-afw_node1-N78_edge1-E14,MOF_net-afw_node1-N78_edge1-E14.cif,27.23719,19.92033,26.68074,0.186654,978.402,5241.79,0.9152,4.903189859311882,0.9152,0.0,4.90318,0.0,45077.3,0.0
MOF_net-afw_node1-N78_edge1-E2,MOF_net-afw_node1-N78_edge1-E2.cif,18.16706,12.40111,18.16706,0.431029,1628.51,3778.2,0.8157,1.892448071939475,0.8157,0.0,1.89245,0.0,16266.3,0.0
MOF_net-afw_node1-N78_edge1-E4,MOF_net-afw_node1-N78_edge1-E4.cif,24.85792,17.93225,24.81958,0.205203,1166.88,5686.5,0.8859,4.317188345199631,0.8859,0.0,4.3172,0.0,49254.7,0.0
MOF_net-afw_node1-N78_edge1-E5,MOF_net-afw_node1-N78_edge1-E5.cif,22.62025,16.72428,22.62025,0.251651,1217.15,4836.66,0.8876,3.5271069854679693,0.8876,0.0,3.5271,0.0,29473.0,0.0
MOF_net-afw_node1-N78_edge1-E7,MOF_net-afw_node1-N78_edge1-E7.cif,23.62546,17.11029,23.62546,0.214196,1162.42,5426.87,0.8752,4.085977329175148,0.8752,0.0,4.08597,0.0,44175.3,0.0
MOF_net-afw_node1-N78_edge1-E8,MOF_net-afw_node1-N78_edge1-E8.cif,26.8201,20.44087,25.23263,0.176997,956.647,5404.86,0.9154,5.171839070718713,0.9154,0.0,5.17183,0.0,47241.6,0.0
MOF_net-afw_node1-N78_edge1-E9,MOF_net-afw_node1-N78_edge1-E9.cif,32.78265,24.07592,32.66631,0.129738,778.996,6004.4,0.9366,7.219164778245387,0.9366,0.0,7.21919,0.0,71561.5,0.0
MOF_net-afw_node1-N79_edge1-E0,MOF_net-afw_node1-N79_edge1-E0.cif,36.2383,27.45611,35.57512,0.10855,735.927,6779.62,0.9148,8.427452786734223,0.9148,0.0,8.42747,0.0,138672.0,0.0
MOF_net-afw_node1-N79_edge1-E1,MOF_net-afw_node1-N79_edge1-E1.cif,42.85544,31.51798,42.85544,0.0848766,608.508,7169.33,0.9314,10.9735781122241,0.9314,0.0,10.9736,0.0,242306.0,0.0
MOF_net-afw_node1-N79_edge1-E10,MOF_net-afw_node1-N79_edge1-E10.cif,27.27833,20.62188,27.27833,0.175816,1039.35,5911.57,0.872,4.959730627474178,0.872,0.0,4.95973,0.0,73294.3,0.0
MOF_net-afw_node1-N79_edge1-E13,MOF_net-afw_node1-N79_edge1-E13.cif,45.94783,35.74208,45.94783,0.068398,483.673,7071.45,0.9487,13.870288604929968,0.9487,0.0,13.8703,0.0,243171.0,0.0
MOF_net-afw_node1-N79_edge1-E14,MOF_net-afw_node1-N79_edge1-E14.cif,36.31747,28.33724,36.31747,0.100821,682.426,6768.67,0.926,9.184594479324744,0.926,0.0,9.18456,0.0,140674.0,0.0
MOF_net-afw_node1-N79_edge1-E15,MOF_net-afw_node1-N79_edge1-E15.cif,44.89745,34.79317,44.57943,0.0707296,515.495,7288.25,0.9439,13.34519069809528,0.9439,0.0,13.3452,0.0,245156.0,0.0
MOF_net-afw_node1-N79_edge1-E2,MOF_net-afw_node1-N79_edge1-E2.cif,27.48967,21.36726,27.48967,0.172452,1037.07,6013.63,0.8723,5.05821909864774,0.8723,0.0,5.05821,0.0,74447.8,0.0
MOF_net-afw_node1-N79_edge1-E3,MOF_net-afw_node1-N79_edge1-E3.cif,27.19881,21.13612,27.19881,0.155352,1008.26,6490.15,0.8831,5.684510015963747,0.8831,0.0,5.6845,0.0,73800.2,0.0
MOF_net-afw_node1-N79_edge1-E5,MOF_net-afw_node1-N79_edge1-E5.cif,32.13742,24.80185,32.13742,0.123505,821.807,6654.05,0.9073,7.34626128496822,0.9073,0.0,7.34627,0.0,106367.0,0.0
MOF_net-afw_node1-N79_edge1-E7,MOF_net-afw_node1-N79_edge1-E7.cif,36.36934,25.91026,36.36934,0.109651,749.916,6839.11,0.9098,8.297233951354754,0.9098,0.0,8.29723,0.0,140508.0,0.0
MOF_net-afw_node1-N79_edge1-E8,MOF_net-afw_node1-N79_edge1-E8.cif,36.84951,28.86692,36.84943,0.0973277,670.093,6884.91,0.9281,9.535825874853716,0.9281,0.0,9.53582,0.0,145490.0,0.0
MOF_net-afw_node1-N79_edge1-none,MOF_net-afw_node1-N79_edge1-none.cif,17.74594,13.41062,17.74594,0.279943,1573.46,5620.63,0.7848,2.803427840667565,0.7848,0.0,2.80343,0.0,30019.5,0.0
MOF_net-alb_node1-N38_node2-N72_edge1-E0,MOF_net-alb_node1-N38_node2-N72_edge1-E0.cif,9.61285,7.28426,9.59506,0.672752,2156.15,3204.97,0.6006,0.8927509691535662,0.6006,0.0,0.892752,0.0,6406.5,0.0
MOF_net-alb_node1-N38_node2-N72_edge1-E10,MOF_net-alb_node1-N38_node2-N72_edge1-E10.cif,7.62437,4.81326,7.46198,1.23341,969.789,786.265,0.3187,0.2583893433651422,0.2587,0.06,0.209743,0.0486455,1270.66,294.704
MOF_net-alb_node1-N38_node2-N72_edge1-E13,MOF_net-alb_node1-N38_node2-N72_edge1-E13.cif,15.52706,13.16754,15.52706,0.384205,1836.49,4779.98,0.7957,2.071029788784633,0.7957,0.0,2.07103,0.0,16349.0,0.0
MOF_net-alb_node1-N38_node2-N72_edge1-E14,MOF_net-alb_node1-N38_node2-N72_edge1-E14.cif,11.74869,9.99858,11.71925,0.599938,2127.4,3546.03,0.6953,1.158953091819488,0.6953,0.0,1.15895,0.0,7437.17,0.0
MOF_net-alb_node1-N38_node2-N72_edge1-E15,MOF_net-alb_node1-N38_node2-N72_edge1-E15.cif,14.07821,11.35669,14.07821,0.404837,2002.6,4946.69,0.7598,1.876804738697303,0.7598,0.0,1.87681,0.0,15864.9,0.0
MOF_net-alb_node1-N38_node2-N72_edge1-E2,MOF_net-alb_node1-N38_node2-N72_edge1-E2.cif,7.46448,4.18489,6.07163,1.2002,1081.02,900.7,0.3133,0.2610398266955507,0.3088,0.0045,0.25729,0.00374937,1548.48,22.5653
MOF_net-alb_node1-N38_node2-N72_edge1-E3,MOF_net-alb_node1-N38_node2-N72_edge1-E3.cif,7.7052,6.2048,7.7052,0.997553,1635.9,1639.91,0.4433,0.444387416006969,0.4433,0.0,0.444387,0.0,2160.35,0.0
MOF_net-alb_node1-N38_node2-N72_edge1-E4,MOF_net-alb_node1-N38_node2-N72_edge1-E4.cif,10.13695,7.18063,10.13695,0.664983,2105.96,3166.94,0.5849,0.8795713574632734,0.5849,0.0,0.879571,0.0,6943.45,0.0
MOF_net-alb_node1-N38_node2-N72_edge1-E5,MOF_net-alb_node1-N38_node2-N72_edge1-E5.cif,9.09471,7.39407,8.95548,0.765621,2142.27,2798.08,0.5942,0.7761020139207258,0.5942,0.0,0.776102,0.0,4547.13,0.0
MOF_net-alb_node1-N38_node2-N72_edge1-E7,MOF_net-alb_node1-N38_node2-N72_edge1-E7.cif,9.45511,6.98823,9.45511,0.686227,2013.84,2934.65,0.5453,0.7946350114466495,0.5453,0.0,0.794635,0.0,5956.43,0.0
MOF_net-alb_node1-N38_node2-N72_edge1-E8,MOF_net-alb_node1-N38_node2-N72_edge1-E8.cif,12.41572,8.95323,12.4153,0.572895,2174.42,3795.48,0.6979,1.2181987973363355,0.6979,0.0,1.2182,0.0,7769.39,0.0
MOF_net-alb_node1-N61_node2-N72_edge1-E0,MOF_net-alb_node1-N61_node2-N72_edge1-E0.cif,10.82044,7.39001,9.58162,0.655035,2099.81,3205.65,0.6009,0.9173555611532208,0.6009,0.0,0.917356,0.0,6483.54,0.0
MOF_net-alb_node1-N61_node2-N72_edge1-E1,MOF_net-alb_node1-N61_node2-N72_edge1-E1.cif,12.14833,9.5962,12.0587,0.512205,2186.51,4268.82,0.6472,1.2635565837896936,0.6472,0.0,1.26356,0.0,13669.6,0.0
MOF_net-alb_node1-N61_node2-N72_edge1-E10,MOF_net-alb_node1-N61_node2-N72_edge1-E10.cif,7.11596,4.51242,7.11596,1.19394,1116.58,935.207,0.2998,0.2511013953800023,0.2998,0.0,0.251101,0.0,1493.97,0.0
MOF_net-alb_node1-N61_node2-N72_edge1-E13,MOF_net-alb_node1-N61_node2-N72_edge1-E13.cif,14.95573,12.85514,14.93982,0.375348,1824.33,4860.36,0.7931,2.112972494858105,0.7931,0.0,2.11297,0.0,16450.9,0.0
MOF_net-alb_node1-N61_node2-N72_edge1-E14,MOF_net-alb_node1-N61_node2-N72_edge1-E14.cif,12.57526,9.10727,12.57526,0.583079,2173.8,3728.14,0.6938,1.189890220707657,0.6938,0.0,1.18989,0.0,7506.6,0.0
MOF_net-alb_node1-N61_node2-N72_edge1-E15,MOF_net-alb_node1-N61_node2-N72_edge1-E15.cif,15.12154,11.16347,15.11048,0.395876,1997.65,5046.15,0.761,1.922319110024351,0.761,0.0,1.92232,0.0,16041.1,0.0
MOF_net-alb_node1-N61_node2-N72_edge1-E2,MOF_net-alb_node1-N61_node2-N72_edge1-E2.cif,6.16317,3.92231,6.14147,1.16171,1206.41,1038.48,0.3415,0.2939632094068227,0.3415,0.0,0.293964,0.0,1737.31,0.0
MOF_net-alb_node1-N61_node2-N72_edge1-E3,MOF_net-alb_node1-N61_node2-N72_edge1-E3.cif,7.48186,5.97916,7.48186,0.961209,1647.88,1714.38,0.443,0.4608779152088672,0.443,0.0,0.460878,0.0,2190.52,0.0
MOF_net-alb_node1-N61_node2-N72_edge1-E4,MOF_net-alb_node1-N61_node2-N72_edge1-E4.cif,10.42723,7.41169,10.18838,0.648601,2174.06,3351.93,0.5883,0.90702912884809,0.5883,0.0,0.907029,0.0,7061.81,0.0
MOF_net-alb_node1-N61_node2-N72_edge1-E5,MOF_net-alb_node1-N61_node2-N72_edge1-E5.cif,9.50002,7.71689,9.40365,0.741989,2151.83,2900.08,0.6003,0.8090416434744989,0.6003,0.0,0.809042,0.0,4652.34,0.0
MOF_net-alb_node1-N61_node2-N72_edge1-E7,MOF_net-alb_node1-N61_node2-N72_edge1-E7.cif,8.99579,6.69973,8.99579,0.668626,2078.15,3108.09,0.5517,0.825124957749175,0.5517,0.0,0.825125,0.0,6095.46,0.0
MOF_net-alb_node1-N61_node2-N72_edge1-E8,MOF_net-alb_node1-N61_node2-N72_edge1-E8.cif,11.83803,9.23106,11.82466,0.556801,2178.39,3912.32,0.6963,1.2505365471685577,0.6963,0.0,1.25054,0.0,7839.96,0.0
MOF_net-ana-e_node1-N12_edge1-E3,MOF_net-ana-e_node1-N12_edge1-E3.cif,24.63805,17.31107,22.87737,0.385273,1230.26,3193.22,0.7536,1.956015604519393,0.7536,0.0,1.95602,0.0,303831.0,0.0
MOF_net-ana-e_node1-N12_edge1-E5,MOF_net-ana-e_node1-N12_edge1-E5.cif,30.04901,20.59662,28.45694,0.295559,1077.76,3646.53,0.7949,2.689479934632341,0.7949,0.0,2.68948,0.0,482148.0,0.0
