cif_name,name,Di,Df,Dif,rho,VSA,GSA,VPOV,GPOV,POAV_vol_frac,PONAV_vol_frac,GPOAV,GPONAV,POAV_x,PONAV,POAV_y
MOF_net-anh_node1-N12_node2-orgN9_edge1-none,MOF_net-anh_node1-N12_node2-orgN9_edge1-none.cif,8.1506,5.41241,8.1506,0.99603,1898.35,1905.92,0.5089,0.510928386,0.5016,0.0073,0.503599,0.0073291,0.503599,32.7242,
MOF_net-anh_node1-N13_node2-orgN8_edge1-none,MOF_net-anh_node1-N13_node2-orgN8_edge1-none.cif,6.86577,5.19161,6.86577,1.75943,1242.02,705.92,0.3677,0.208988138,0.3677,0.0,0.208988,0.0,0.208988,0.0,
MOF_net-anh_node1-N16_node2-orgN8_edge1-none,MOF_net-anh_node1-N16_node2-orgN8_edge1-none.cif,7.3326,4.53812,7.29905,1.10899,1492.11,1345.47,0.4193,0.378091777,0.4193,0.0,0.378093,0.0,0.378093,0.0,
MOF_net-anh_node1-N17_node2-orgN9_edge1-none,MOF_net-anh_node1-N17_node2-orgN9_edge1-none.cif,8.33934,5.57898,8.33934,0.886279,1977.91,2231.71,0.527,0.594620881,0.527,0.0,0.594621,0.0,0.594621,0.0,
MOF_net-anh_node1-N21_node2-orgN22_edge1-none,MOF_net-anh_node1-N21_node2-orgN22_edge1-none.cif,13.37647,11.56145,13.35707,0.67532,1898.99,2811.99,0.6843,1.0132974,0.6843,0.0,1.0133,0.0,1.0133,0.0,
MOF_net-anh_node1-N30_node2-orgN8_edge1-none,MOF_net-anh_node1-N30_node2-orgN8_edge1-none.cif,7.32242,4.43726,7.31619,1.11387,1547.64,1389.43,0.431,0.38693923,0.431,0.0,0.38694,0.0,0.38694,0.0,
MOF_net-anh_node1-N36_node2-orgN8_edge1-none,MOF_net-anh_node1-N36_node2-orgN8_edge1-none.cif,7.13085,4.38838,6.99035,1.17161,1506.34,1285.71,0.4173,0.356176543,0.4173,0.0,0.356178,0.0,0.356178,0.0,
MOF_net-anh_node1-N36_node2-orgN9_edge1-none,MOF_net-anh_node1-N36_node2-orgN9_edge1-none.cif,8.08047,5.49262,8.06389,0.970392,1890.9,1948.6,0.512,0.527621827,0.5046,0.0074,0.519996,0.00762578,0.519996,33.4654,
MOF_net-anh_node1-N58_node2-orgN11_edge1-none,MOF_net-anh_node1-N58_node2-orgN11_edge1-none.cif,13.16524,11.91977,13.12157,0.675289,1942.23,2876.15,0.7018,1.039258747,0.7018,0.0,1.03926,0.0,1.03926,0.0,
MOF_net-anh_node1-N58_node2-orgN3_edge1-none,MOF_net-anh_node1-N58_node2-orgN3_edge1-none.cif,13.19888,11.81082,13.17427,0.662094,1928.52,2912.76,0.6987,1.055288222,0.6987,0.0,1.05529,0.0,1.05529,0.0,
MOF_net-anh_node1-N69_node2-orgN8_edge1-none,MOF_net-anh_node1-N69_node2-orgN8_edge1-none.cif,6.79487,4.0763,6.62853,1.21263,1432.89,1181.64,0.4074,0.335963979,0.4074,0.0,0.335963,0.0,0.335963,0.0,
MOF_net-anh_node1-N69_node2-orgN9_edge1-none,MOF_net-anh_node1-N69_node2-orgN9_edge1-none.cif,7.95266,5.3446,7.95266,0.993147,1907.3,1920.46,0.522,0.52560195,0.522,0.0,0.525602,0.0,0.525602,0.0,
MOF_net-ant_node1-N52_node2-orgN8_edge1-none,MOF_net-ant_node1-N52_node2-orgN8_edge1-none.cif,6.47658,3.87184,6.47658,1.50126,1134.96,756.008,0.3551,0.236534644,0.3551,0.0,0.236535,0.0,0.236535,0.0,
MOF_net-apo_node1-N46_node2-orgN3_edge1-none,MOF_net-apo_node1-N46_node2-orgN3_edge1-none.cif,6.35541,3.91948,6.15086,1.29335,1068.45,826.112,0.2842,0.219739436,0.2842,0.0,0.21974,0.0,0.21974,0.0,
MOF_net-bcg_node1-N25_edge1-E2,MOF_net-bcg_node1-N25_edge1-E2.cif,4.77784,3.91541,4.75333,2.03319,166.092,81.69,0.1223,0.060151781,0.0514,0.0709,0.0252804,0.0348713,0.0252804,290.639,
MOF_net-bcg_node1-N34_edge1-E2,MOF_net-bcg_node1-N34_edge1-E2.cif,5.52971,4.02884,5.52971,1.71335,239.997,140.074,0.1496,0.087314326,0.0728,0.0768,0.0424898,0.0448244,0.0424898,373.595,
MOF_net-bcs_node1-N20_edge1-E10,MOF_net-bcs_node1-N20_edge1-E10.cif,6.67563,4.60834,6.55368,1.34528,1319.65,980.947,0.2773,0.206128092,0.2758,0.0015,0.205013,0.00111501,0.205013,29.3392,
MOF_net-bcs_node1-N44_edge1-E2,MOF_net-bcs_node1-N44_edge1-E2.cif,6.51827,3.88995,6.46086,1.26802,782.826,617.36,0.1529,0.120581694,0.1413,0.0116,0.111434,0.00914811,0.111434,363.037,
MOF_net-bcu-b_node1-N76_node2-N77_edge1-E10,MOF_net-bcu-b_node1-N76_node2-N77_edge1-E10.cif,5.68148,3.7965,5.64893,1.07158,1183.04,1104.02,0.3555,0.331753112,0.3555,0.0,0.331754,0.0,0.331754,0.0,
MOF_net-bcu-b_node1-N77_node2-N76_edge1-E2,MOF_net-bcu-b_node1-N77_node2-N76_edge1-E2.cif,6.19092,4.2855,6.17775,1.04023,1274.49,1225.2,0.3571,0.343289465,0.3571,0.0,0.34329,0.0,0.34329,0.0,
MOF_net-can_node1-N42_edge1-none,MOF_net-can_node1-N42_edge1-none.cif,6.48372,4.71505,5.56314,1.3755,177.389,128.964,0.292,0.212286441,0.0501,0.2419,0.0364232,0.175864,0.0364232,1633.45,
MOF_net-cdl_node1-N54_edge1-none,MOF_net-cdl_node1-N54_edge1-none.cif,5.95582,3.98363,5.88924,0.846433,537.636,635.178,0.4112,0.485803365,0.2191,0.1921,0.258851,0.226952,0.258851,302.005,
MOF_net-cds_node1-N24_edge1-none,MOF_net-cds_node1-N24_edge1-none.cif,6.25409,5.57213,6.08777,0.958562,1455.86,1518.79,0.443,0.462150596,0.443,0.0,0.46215,0.0,0.46215,0.0,
MOF_net-cds_node1-N41_edge1-none,MOF_net-cds_node1-N41_edge1-none.cif,6.26699,5.30452,6.25483,0.986065,1337.16,1356.06,0.4069,0.412650282,0.4069,0.0,0.41265,0.0,0.41265,0.0,
MOF_net-cor_node1-N29_node2-N52_edge1-none,MOF_net-cor_node1-N29_node2-N52_edge1-none.cif,6.03025,5.32228,6.03025,1.43597,1698.3,1182.68,0.4294,0.299031317,0.4294,0.0,0.299031,0.0,0.299031,0.0,
MOF_net-cor_node1-N78_node2-N52_edge1-none,MOF_net-cor_node1-N78_node2-N52_edge1-none.cif,6.17338,4.98463,6.15588,1.52952,1800.03,1176.86,0.4278,0.279695591,0.4278,0.0,0.279695,0.0,0.279695,0.0,
MOF_net-crs_node1-N39_edge1-none,MOF_net-crs_node1-N39_edge1-none.cif,6.45623,4.43952,6.45076,1.22939,1529.71,1244.28,0.3729,0.303321159,0.3729,0.0,0.303321,0.0,0.303321,0.0,
MOF_net-ctn_node1-N42_node2-orgN9_edge1-none,MOF_net-ctn_node1-N42_node2-orgN9_edge1-none.cif,6.76764,3.77403,6.76763,1.29604,662.978,511.541,0.1923,0.14837505,0.1832,0.0091,0.141354,0.00702138,0.141354,79.2237,
MOF_net-dmp_node1-N24_edge1-E10,MOF_net-dmp_node1-N24_edge1-E10.cif,6.24288,5.48422,6.06767,1.35346,1102.7,814.725,0.3177,0.234731725,0.3177,0.0,0.234732,0.0,0.234732,0.0,
MOF_net-dmp_node1-N55_edge1-none,MOF_net-dmp_node1-N55_edge1-none.cif,4.53439,3.95195,4.51811,1.42712,390.322,273.503,0.2082,0.145888222,0.2082,0.0,0.145888,0.0,0.145888,0.0,
MOF_net-ecf_node1-N5_edge1-none,MOF_net-ecf_node1-N5_edge1-none.cif,6.85759,4.28428,6.77607,1.32839,1238.64,932.439,0.3236,0.243603159,0.3236,0.0,0.243604,0.0,0.243604,0.0,
MOF_net-ech_node1-N22_edge1-none,MOF_net-ech_node1-N22_edge1-none.cif,11.6292,5.0639,11.62912,1.19055,1575.46,1323.3,0.4605,0.386796019,0.4605,0.0,0.386797,0.0,0.386797,0.0,
MOF_net-ech_node1-N5_edge1-none,MOF_net-ech_node1-N5_edge1-none.cif,10.15757,4.59836,10.14542,1.27105,1321.09,1039.37,0.3275,0.257660989,0.3275,0.0,0.257662,0.0,0.257662,0.0,
MOF_net-ecn_node1-N9_edge1-none,MOF_net-ecn_node1-N9_edge1-none.cif,5.11793,4.40142,4.52198,1.76276,195.648,110.99,0.054,0.030633779,0.054,0.0,0.0306338,0.0,0.0306338,0.0,
MOF_net-ecv_node1-N9_edge1-none,MOF_net-ecv_node1-N9_edge1-none.cif,5.87692,4.59008,5.87468,1.24573,1563.35,1254.97,0.3321,0.266590674,0.3321,0.0,0.266592,0.0,0.266592,0.0,
MOF_net-eea_node1-N43_node2-orgN8_edge1-none,MOF_net-eea_node1-N43_node2-orgN8_edge1-none.cif,6.57036,5.11043,6.57036,1.78768,719.926,402.714,0.2246,0.125637698,0.1884,0.0362,0.105388,0.0202497,0.105388,388.392,
MOF_net-eea_node1-N43_node2-orgN9_edge1-none,MOF_net-eea_node1-N43_node2-orgN9_edge1-none.cif,7.15013,4.51962,7.15013,1.55,694.645,448.159,0.2432,0.156903226,0.1643,0.0789,0.106,0.0509033,0.106,944.348,
MOF_net-eea_node1-N45_node2-orgN8_edge1-none,MOF_net-eea_node1-N45_node2-orgN8_edge1-none.cif,6.56596,5.15916,6.56596,1.79519,714.337,397.917,0.2236,0.124555061,0.1886,0.035,0.105058,0.0194965,0.105058,374.922,
MOF_net-eea_node1-N45_node2-orgN9_edge1-none,MOF_net-eea_node1-N45_node2-orgN9_edge1-none.cif,7.15474,4.53895,7.15474,1.55557,698.657,449.133,0.243,0.156212835,0.164,0.079,0.105428,0.0507854,0.105428,944.702,
MOF_net-eea_node1-N47_node2-orgN9_edge1-none,MOF_net-eea_node1-N47_node2-orgN9_edge1-none.cif,7.1847,4.59534,7.1847,1.52424,717.465,470.705,0.2508,0.164541017,0.1705,0.0803,0.111859,0.0526821,0.111859,969.024,
MOF_net-fcu_node1-N27_edge1-E10,MOF_net-fcu_node1-N27_edge1-E10.cif,9.49895,3.80575,8.78185,1.55213,840.76,541.682,0.3534,0.227687114,0.2721,0.0813,0.175307,0.0523796,0.175307,829.716,
MOF_net-fcu_node1-N8_edge1-E10,MOF_net-fcu_node1-N8_edge1-E10.cif,9.03308,3.79011,9.02981,1.63012,1095.68,672.146,0.3324,0.203911368,0.3324,0.0,0.203911,0.0,0.203911,0.0,
MOF_net-fcu_node1-N8_edge1-E2,MOF_net-fcu_node1-N8_edge1-E2.cif,8.22587,4.08931,8.22302,1.59191,1022.64,642.398,0.2831,0.177836687,0.277,0.0061,0.174005,0.00383187,0.174005,61.662,
MOF_net-fno_node1-N86_edge1-none,MOF_net-fno_node1-N86_edge1-none.cif,8.00877,3.75662,8.00877,1.05048,819.647,780.261,0.2023,0.192578631,0.1788,0.0235,0.170208,0.0223708,0.170208,640.46,
MOF_net-fnq_node1-N0_edge1-none,MOF_net-fnq_node1-N0_edge1-none.cif,9.28805,7.24683,9.28805,0.90397,1879.12,2078.74,0.5108,0.565063,0.5108,0.0,0.565063,0.0,0.565063,0.0,
MOF_net-fnz_node1-N0_edge1-none,MOF_net-fnz_node1-N0_edge1-none.cif,9.31359,5.72029,9.31359,1.35087,707.089,523.432,0.2357,0.17448015,0.2193,0.0164,0.16234,0.0121403,0.16234,102.596,
MOF_net-ftw_node1-N24_node2-N72_edge1-none,MOF_net-ftw_node1-N24_node2-N72_edge1-none.cif,8.0609,3.90212,7.76423,1.35064,1126.92,834.36,0.3835,0.283939466,0.3835,0.0,0.283939,0.0,0.283939,0.0,
MOF_net-ftw_node1-N27_node2-orgN10_edge1-none,MOF_net-ftw_node1-N27_node2-orgN10_edge1-none.cif,7.68275,4.19782,6.35649,1.5348,1122.54,731.388,0.343,0.223481887,0.343,0.0,0.223482,0.0,0.223482,0.0,
MOF_net-ftw_node1-N27_node2-orgN15_edge1-none,MOF_net-ftw_node1-N27_node2-orgN15_edge1-none.cif,8.74884,3.91023,8.66707,1.52449,1318.49,864.875,0.422,0.276813885,0.422,0.0,0.276814,0.0,0.276814,0.0,
MOF_net-gar_node1-N10_node2-N70_edge1-none,MOF_net-gar_node1-N10_node2-N70_edge1-none.cif,8.46704,5.29408,8.46704,1.15086,1579.12,1372.13,0.3885,0.337573641,0.3885,0.0,0.337574,0.0,0.337574,0.0,
MOF_net-gar_node1-N55_node2-N12_edge1-none,MOF_net-gar_node1-N55_node2-N12_edge1-none.cif,8.92215,6.07768,8.92215,1.19281,1672.33,1402.02,0.4233,0.354876301,0.4233,0.0,0.354877,0.0,0.354877,0.0,
MOF_net-gar_node1-N73_node2-N33_edge1-none,MOF_net-gar_node1-N73_node2-N33_edge1-none.cif,9.89824,6.58146,9.89824,1.16427,1911.15,1641.49,0.4991,0.428680632,0.4991,0.0,0.428679,0.0,0.428679,0.0,
MOF_net-ghw_node1-N86_edge1-E10,MOF_net-ghw_node1-N86_edge1-E10.cif,7.24628,4.50296,6.50704,0.85145,1793.04,2105.87,0.4079,0.479065124,0.4079,0.0,0.479065,0.0,0.479065,0.0,
MOF_net-gis_node1-N42_edge1-none,MOF_net-gis_node1-N42_edge1-none.cif,9.07583,4.41705,8.82228,1.29119,1308.25,1013.21,0.3577,0.277031266,0.3554,0.0023,0.27525,0.0017813,0.27525,22.06,
MOF_net-hjm_node1-N4_edge1-E7,MOF_net-hjm_node1-N4_edge1-E7.cif,7.45353,4.39315,6.95204,0.857766,248.467,289.668,0.2699,0.314654579,0.0653,0.2046,0.076128,0.238527,0.076128,3304.65,
MOF_net-iac_node1-N18_node2-N49_edge1-none,MOF_net-iac_node1-N18_node2-N49_edge1-none.cif,6.19089,3.86206,6.19089,1.40622,941.842,669.771,0.2485,0.176714881,0.2485,0.0,0.176715,0.0,0.176715,0.0,
MOF_net-iac_node1-N55_node2-N39_edge1-none,MOF_net-iac_node1-N55_node2-N39_edge1-none.cif,6.35629,4.28356,6.29898,1.15054,636.407,553.137,0.2951,0.256488258,0.1452,0.1499,0.126201,0.130287,0.126201,2735.25,
MOF_net-ilc_node1-N25_edge1-E7,MOF_net-ilc_node1-N25_edge1-E7.cif,7.51576,4.76592,7.51576,0.932314,1326.74,1423.06,0.3379,0.362431541,0.334,0.0039,0.358248,0.00418314,0.358248,32.3288,
MOF_net-ilc_node1-N5_edge1-E0,MOF_net-ilc_node1-N5_edge1-E0.cif,7.69785,5.15241,7.30042,0.912266,1660.86,1820.58,0.459,0.503142724,0.459,0.0,0.503142,0.0,0.503142,0.0,
MOF_net-ilc_node1-N5_edge1-E7,MOF_net-ilc_node1-N5_edge1-E7.cif,6.96147,4.39442,6.91826,0.930642,1297.84,1394.57,0.3738,0.40165821,0.3738,0.0,0.401658,0.0,0.401658,0.0,
MOF_net-ilc_node1-N5_edge1-E8,MOF_net-ilc_node1-N5_edge1-E8.cif,7.04705,5.09771,7.04705,0.769191,2251.61,2927.24,0.5354,0.696055986,0.5354,0.0,0.696056,0.0,0.696056,0.0,
MOF_net-ilc_node1-N60_edge1-E0,MOF_net-ilc_node1-N60_edge1-E0.cif,7.48016,4.75775,7.48016,0.865379,1522.66,1759.52,0.3879,0.448242909,0.3879,0.0,0.448243,0.0,0.448243,0.0,
MOF_net-ilc_node1-N60_edge1-E4,MOF_net-ilc_node1-N60_edge1-E4.cif,7.65057,4.45488,7.56899,0.854664,1415.34,1656.01,0.3543,0.414548875,0.3447,0.0096,0.403316,0.0112325,0.403316,91.6725,
MOF_net-ilc_node1-N65_edge1-E1,MOF_net-ilc_node1-N65_edge1-E1.cif,7.43903,3.96303,7.41741,0.988216,1349.23,1365.32,0.328,0.331911242,0.328,0.0,0.331911,0.0,0.331911,0.0,
MOF_net-ilc_node1-N65_edge1-E4,MOF_net-ilc_node1-N65_edge1-E4.cif,5.60469,4.07287,5.60469,1.2893,925.551,717.872,0.2538,0.196851004,0.2375,0.0163,0.184209,0.0126425,0.184209,108.004,
MOF_net-ilc_node1-N77_edge1-E0,MOF_net-ilc_node1-N77_edge1-E0.cif,7.29889,5.33514,7.23756,0.820108,1534.85,1871.52,0.407,0.4962761,0.407,0.0,0.496276,0.0,0.496276,0.0,
MOF_net-ilc_node1-N77_edge1-E4,MOF_net-ilc_node1-N77_edge1-E4.cif,7.7065,4.80804,7.7065,0.815003,1719.88,2110.28,0.4325,0.530672893,0.4325,0.0,0.530673,0.0,0.530673,0.0,
MOF_net-ilc_node1-N84_edge1-E7,MOF_net-ilc_node1-N84_edge1-E7.cif,7.34587,4.2182,7.34587,0.888078,1263.42,1422.64,0.3242,0.365058024,0.3242,0.0,0.365058,0.0,0.365058,0.0,
MOF_net-kag_node1-N12_edge1-none,MOF_net-kag_node1-N12_edge1-none.cif,8.52559,7.43835,8.52559,1.23746,1461.04,1180.68,0.496,0.400821037,0.496,0.0,0.400822,0.0,0.400822,0.0,
MOF_net-kag_node1-N16_edge1-none,MOF_net-kag_node1-N16_edge1-none.cif,8.82245,7.68263,8.82245,1.09078,1476.73,1353.82,0.4993,0.457745833,0.4993,0.0,0.457744,0.0,0.457744,0.0,
MOF_net-kag_node1-N36_edge1-none,MOF_net-kag_node1-N36_edge1-none.cif,8.69046,7.584,8.57538,1.19178,1434.35,1203.54,0.4894,0.41064626,0.4894,0.0,0.410647,0.0,0.410647,0.0,
MOF_net-kag_node1-N44_edge1-none,MOF_net-kag_node1-N44_edge1-none.cif,4.5439,3.85438,4.29682,2.09917,196.629,93.67,0.0934,0.044493776,0.0575,0.0359,0.0273918,0.017102,0.0273918,92.963,
MOF_net-kag_node1-N58_edge1-none,MOF_net-kag_node1-N58_edge1-none.cif,8.85222,7.52583,8.48291,1.14645,1495.58,1304.53,0.4935,0.430459244,0.4935,0.0,0.430461,0.0,0.430461,0.0,
MOF_net-kag_node1-N69_edge1-none,MOF_net-kag_node1-N69_edge1-none.cif,8.28674,7.23386,8.2186,1.24547,1479.01,1187.51,0.4773,0.383228821,0.4773,0.0,0.38323,0.0,0.38323,0.0,
MOF_net-kag_node1-N70_edge1-none,MOF_net-kag_node1-N70_edge1-none.cif,8.30631,7.25029,8.27213,1.21834,1507.38,1237.24,0.4823,0.395866507,0.4823,0.0,0.395866,0.0,0.395866,0.0,
MOF_net-lcx_node1-N63_edge1-none,MOF_net-lcx_node1-N63_edge1-none.cif,8.36303,3.96079,8.34504,1.20354,1090.64,906.195,0.2754,0.228824966,0.2754,0.0,0.228826,0.0,0.228826,0.0,
MOF_net-lcy_node1-N6_edge1-none,MOF_net-lcy_node1-N6_edge1-none.cif,5.65493,3.98003,5.57169,1.30429,934.867,716.761,0.2994,0.229550177,0.2994,0.0,0.229549,0.0,0.229549,0.0,
MOF_net-lhb_node1-N5_edge1-E10,MOF_net-lhb_node1-N5_edge1-E10.cif,7.77358,4.70305,7.13237,0.994555,1483.87,1491.99,0.3667,0.368707613,0.3667,0.0,0.368708,0.0,0.368708,0.0,
MOF_net-lhb_node1-N5_edge1-E2,MOF_net-lhb_node1-N5_edge1-E2.cif,7.25569,4.58979,7.25569,0.96714,1717.72,1776.08,0.4013,0.414934756,0.4013,0.0,0.414935,0.0,0.414935,0.0,
MOF_net-lhb_node1-N5_edge1-E3,MOF_net-lhb_node1-N5_edge1-E3.cif,8.45172,4.6729,8.20857,0.792569,2018.98,2547.38,0.4842,0.610924727,0.4842,0.0,0.610925,0.0,0.610925,0.0,
MOF_net-lhb_node1-N77_edge1-E10,MOF_net-lhb_node1-N77_edge1-E10.cif,6.40581,4.58798,5.36632,1.12285,71.6574,63.8174,0.2641,0.235205059,0.016,0.2481,0.0142495,0.220956,0.0142495,3082.67,
MOF_net-lhb_node1-N80_edge1-E2,MOF_net-lhb_node1-N80_edge1-E2.cif,7.18968,4.63819,6.69131,1.19689,1428.26,1193.31,0.3677,0.30721286,0.3677,0.0,0.307212,0.0,0.307212,0.0,
MOF_net-mer_node1-N4_edge1-none,MOF_net-mer_node1-N4_edge1-none.cif,10.26976,5.16939,7.4752,1.17759,1016.98,863.607,0.2537,0.215440009,0.2477,0.006,0.210344,0.00509514,0.210344,169.568,
MOF_net-msp_node1-N4_edge1-E5,MOF_net-msp_node1-N4_edge1-E5.cif,7.15635,4.27805,7.15625,0.789464,1603.29,2030.86,0.3613,0.457652281,0.3613,0.0,0.457652,0.0,0.457652,0.0,
MOF_net-msp_node1-N73_edge1-none,MOF_net-msp_node1-N73_edge1-none.cif,6.89605,6.59917,6.85729,1.60625,1311.31,816.378,0.39,0.242801556,0.39,0.0,0.242802,0.0,0.242802,0.0,
MOF_net-nia_node1-N33_node2-N52_edge1-none,MOF_net-nia_node1-N33_node2-N52_edge1-none.cif,5.80452,4.90513,5.80452,1.57867,964.481,610.943,0.2836,0.179644891,0.2836,0.0,0.179644,0.0,0.179644,0.0,
MOF_net-ocu_node1-N43_node2-N76_edge1-E10,MOF_net-ocu_node1-N43_node2-N76_edge1-E10.cif,7.11836,4.17514,6.82784,1.10906,1038.1,936.014,0.2523,0.227489946,0.2151,0.0372,0.193948,0.0335419,0.193948,1019.18,
MOF_net-ocu_node1-N43_node2-N76_edge1-E2,MOF_net-ocu_node1-N43_node2-N76_edge1-E2.cif,7.28762,4.70486,7.22691,1.07965,1309.16,1212.57,0.2644,0.244894179,0.2644,0.0,0.244894,0.0,0.244894,0.0,
MOF_net-ocu_node1-N46_node2-N80_edge1-E10,MOF_net-ocu_node1-N46_node2-N80_edge1-E10.cif,8.48832,4.5783,8.48832,0.992554,1689.5,1702.17,0.351,0.353633152,0.351,0.0,0.353633,0.0,0.353633,0.0,
MOF_net-ocu_node1-N48_node2-N9_edge1-E10,MOF_net-ocu_node1-N48_node2-N9_edge1-E10.cif,8.14711,4.49525,7.97681,0.996021,1553.06,1559.26,0.3104,0.311640016,0.3104,0.0,0.31164,0.0,0.31164,0.0,
MOF_net-ocu_node1-N6_node2-N5_edge1-E10,MOF_net-ocu_node1-N6_node2-N5_edge1-E10.cif,13.98035,4.79176,13.37867,0.873687,1702.05,1948.12,0.4552,0.521010385,0.4552,0.0,0.52101,0.0,0.52101,0.0,
MOF_net-oof_node1-N5_edge1-E10,MOF_net-oof_node1-N5_edge1-E10.cif,6.83045,3.91437,6.83045,1.16264,1108.35,953.305,0.3113,0.267752701,0.2972,0.0141,0.255625,0.0121275,0.255625,92.4492,
MOF_net-pcu_node1-N20_edge1-E10,MOF_net-pcu_node1-N20_edge1-E10.cif,6.40023,4.11327,6.40023,1.2406,1442.38,1162.65,0.4286,0.345477995,0.4286,0.0,0.345478,0.0,0.345478,0.0,
MOF_net-pcu_node1-N43_edge1-E10,MOF_net-pcu_node1-N43_edge1-E10.cif,5.38195,3.78284,5.36312,1.25998,643.943,511.074,0.2571,0.204050858,0.2397,0.0174,0.190241,0.0138097,0.190241,34.3892,
MOF_net-pcu_node1-N47_edge1-E10,MOF_net-pcu_node1-N47_edge1-E10.cif,5.27257,3.79543,5.27134,1.23981,564.64,455.425,0.3125,0.25205475,0.1809,0.1316,0.145909,0.106145,0.145909,262.461,
MOF_net-pcu_node1-N48_edge1-E2,MOF_net-pcu_node1-N48_edge1-E2.cif,6.16237,4.00744,5.33164,1.16112,1069.83,921.38,0.3252,0.280074411,0.3252,0.0,0.280075,0.0,0.280075,0.0,
MOF_net-pry_node1-N19_node2-orgN23_edge1-none,MOF_net-pry_node1-N19_node2-orgN23_edge1-none.cif,6.46524,4.29418,6.43473,0.980047,1459.77,1489.49,0.378,0.385695788,0.378,0.0,0.385696,0.0,0.385696,0.0,
MOF_net-pry_node1-N19_node2-orgN5_edge1-none,MOF_net-pry_node1-N19_node2-orgN5_edge1-none.cif,5.54171,3.99128,5.48477,1.04786,1258.85,1201.35,0.3785,0.361212376,0.3785,0.0,0.361211,0.0,0.361211,0.0,
MOF_net-pry_node1-N39_node2-orgN11_edge1-none,MOF_net-pry_node1-N39_node2-orgN11_edge1-none.cif,6.69247,4.79869,6.69247,0.832182,2037.89,2448.85,0.5199,0.624743145,0.5199,0.0,0.624743,0.0,0.624743,0.0,
MOF_net-pry_node1-N39_node2-orgN3_edge1-none,MOF_net-pry_node1-N39_node2-orgN3_edge1-none.cif,6.77022,4.86731,6.77022,0.813328,2050.11,2520.64,0.5254,0.645987843,0.5254,0.0,0.645988,0.0,0.645988,0.0,
MOF_net-pry_node1-N39_node2-orgN5_edge1-none,MOF_net-pry_node1-N39_node2-orgN5_edge1-none.cif,6.77118,5.14889,6.77118,0.801664,2160.2,2694.64,0.5339,0.665989741,0.5339,0.0,0.66599,0.0,0.66599,0.0,
MOF_net-pry_node1-N39_node2-orgN9_edge1-none,MOF_net-pry_node1-N39_node2-orgN9_edge1-none.cif,5.39352,3.96958,5.38617,1.0184,1136.79,1116.25,0.3301,0.324135899,0.3301,0.0,0.324136,0.0,0.324136,0.0,
MOF_net-pry_node1-N49_node2-orgN5_edge1-none,MOF_net-pry_node1-N49_node2-orgN5_edge1-none.cif,5.46233,3.96224,5.40465,0.928768,1229.71,1324.02,0.3722,0.400745934,0.3605,0.0117,0.388149,0.0125973,0.388149,45.2842,
MOF_net-pth_node1-N42_node2-N54_edge1-none,MOF_net-pth_node1-N42_node2-N54_edge1-none.cif,6.13674,4.6655,6.13674,1.24041,997.851,804.452,0.3015,0.243064793,0.3015,0.0,0.243065,0.0,0.243065,0.0,
MOF_net-pyr_node1-N12_node2-orgN9_edge1-none,MOF_net-pyr_node1-N12_node2-orgN9_edge1-none.cif,8.29595,5.05457,8.27482,1.06623,1765.09,1655.45,0.4863,0.456092963,0.4863,0.0,0.456092,0.0,0.456092,0.0,
MOF_net-pyr_node1-N14_node2-orgN5_edge1-none,MOF_net-pyr_node1-N14_node2-orgN5_edge1-none.cif,9.89456,6.07884,9.64659,0.893748,1928.35,2157.6,0.524,0.586295018,0.524,0.0,0.586295,0.0,0.586295,0.0,
MOF_net-pyr_node1-N14_node2-orgN8_edge1-none,MOF_net-pyr_node1-N14_node2-orgN8_edge1-none.cif,7.11679,4.54694,7.11679,1.3019,1255.78,964.572,0.3281,0.252016284,0.3281,0.0,0.252015,0.0,0.252015,0.0,
MOF_net-pyr_node1-N14_node2-orgN9_edge1-none,MOF_net-pyr_node1-N14_node2-orgN9_edge1-none.cif,7.55304,4.97365,7.54358,1.07565,1690.9,1571.98,0.4466,0.415190815,0.4466,0.0,0.41519,0.0,0.41519,0.0,
MOF_net-pyr_node1-N15_node2-orgN8_edge1-none,MOF_net-pyr_node1-N15_node2-orgN8_edge1-none.cif,7.9918,4.45048,7.9825,1.23048,1323.65,1075.72,0.3796,0.308497497,0.3796,0.0,0.308498,0.0,0.308498,0.0,
MOF_net-pyr_node1-N15_node2-orgN9_edge1-none,MOF_net-pyr_node1-N15_node2-orgN9_edge1-none.cif,8.36354,5.20344,8.36354,1.00827,1802.04,1787.25,0.495,0.490939927,0.495,0.0,0.490939,0.0,0.490939,0.0,
MOF_net-pyr_node1-N17_node2-orgN11_edge1-none,MOF_net-pyr_node1-N17_node2-orgN11_edge1-none.cif,10.8105,5.88593,10.6388,0.804511,2085.9,2592.75,0.5833,0.725036699,0.5833,0.0,0.725036,0.0,0.725036,0.0,
MOF_net-pyr_node1-N17_node2-orgN8_edge1-none,MOF_net-pyr_node1-N17_node2-orgN8_edge1-none.cif,8.09244,4.62169,7.86281,1.15878,1383.91,1194.28,0.3896,0.336215675,0.3896,0.0,0.336215,0.0,0.336215,0.0,
MOF_net-pyr_node1-N30_node2-orgN22_edge1-none,MOF_net-pyr_node1-N30_node2-orgN22_edge1-none.cif,9.94061,6.17224,9.94061,0.859229,2075.49,2415.53,0.5618,0.653841991,0.5618,0.0,0.653842,0.0,0.653842,0.0,
MOF_net-pyr_node1-N36_node2-orgN9_edge1-none,MOF_net-pyr_node1-N36_node2-orgN9_edge1-none.cif,8.25267,5.16735,8.24925,1.03648,1793.96,1730.81,0.4901,0.472850417,0.4901,0.0,0.472848,0.0,0.472848,0.0,
MOF_net-pyr_node1-N39_node2-orgN11_edge1-none,MOF_net-pyr_node1-N39_node2-orgN11_edge1-none.cif,6.69247,4.79869,6.69247,0.832182,2037.89,2448.85,0.5199,0.624743145,0.5199,0.0,0.624743,0.0,0.624743,0.0,
MOF_net-pyr_node1-N39_node2-orgN3_edge1-none,MOF_net-pyr_node1-N39_node2-orgN3_edge1-none.cif,6.77022,4.86731,6.77022,0.813328,2050.11,2520.64,0.5254,0.645987843,0.5254,0.0,0.645988,0.0,0.645988,0.0,
MOF_net-pyr_node1-N39_node2-orgN9_edge1-none,MOF_net-pyr_node1-N39_node2-orgN9_edge1-none.cif,5.39352,3.96958,5.38617,1.0184,1136.79,1116.25,0.3301,0.324135899,0.3301,0.0,0.324136,0.0,0.324136,0.0,
MOF_net-pyr_node1-N69_node2-orgN22_edge1-none,MOF_net-pyr_node1-N69_node2-orgN22_edge1-none.cif,9.9583,6.62429,9.91512,0.891681,1911.66,2143.88,0.5426,0.608513583,0.5426,0.0,0.608514,0.0,0.608514,0.0,
MOF_net-pyr_node1-N69_node2-orgN9_edge1-none,MOF_net-pyr_node1-N69_node2-orgN9_edge1-none.cif,7.80135,5.36319,7.75029,1.07934,1741.95,1613.9,0.4735,0.438694017,0.4735,0.0,0.438693,0.0,0.438693,0.0,
MOF_net-pyr_node1-N70_node2-orgN9_edge1-none,MOF_net-pyr_node1-N70_node2-orgN9_edge1-none.cif,8.27061,5.29751,8.21761,1.02968,1836.75,1783.8,0.4976,0.483256934,0.4976,0.0,0.483256,0.0,0.483256,0.0,
MOF_net-qtz-e_node1-N16_edge1-none,MOF_net-qtz-e_node1-N16_edge1-none.cif,6.05662,4.13235,6.03372,1.54494,1352.04,875.139,0.3675,0.237873315,0.3675,0.0,0.237873,0.0,0.237873,0.0,
MOF_net-qtz-e_node1-N70_edge1-none,MOF_net-qtz-e_node1-N70_edge1-none.cif,6.80615,4.7975,6.70919,1.47367,1524.05,1034.19,0.4218,0.286224189,0.4218,0.0,0.286224,0.0,0.286224,0.0,
MOF_net-qtz-x_node1-N15_edge1-E2,MOF_net-qtz-x_node1-N15_edge1-E2.cif,7.25042,3.8055,7.17779,1.23237,1179.69,957.253,0.3247,0.263476066,0.3247,0.0,0.263476,0.0,0.263476,0.0,
MOF_net-qtz-x_node1-N17_edge1-E10,MOF_net-qtz-x_node1-N17_edge1-E10.cif,7.26188,3.83263,5.65198,1.19135,676.849,568.137,0.2574,0.216057414,0.2005,0.0569,0.168297,0.047761,0.168297,262.323,
MOF_net-qtz-x_node1-N39_edge1-E10,MOF_net-qtz-x_node1-N39_edge1-E10.cif,6.4368,3.8119,6.4368,1.09557,1173.73,1071.35,0.3568,0.325675219,0.3568,0.0,0.325677,0.0,0.325677,0.0,
MOF_net-qtz-x_node1-N39_edge1-E2,MOF_net-qtz-x_node1-N39_edge1-E2.cif,5.45615,4.15641,5.19728,1.06299,1109.66,1043.9,0.3142,0.295581332,0.3142,0.0,0.29558,0.0,0.29558,0.0,
MOF_net-qtz-x_node1-N70_edge1-E10,MOF_net-qtz-x_node1-N70_edge1-E10.cif,6.92642,4.17055,6.92642,1.15244,1387.57,1204.03,0.3913,0.339540453,0.3913,0.0,0.33954,0.0,0.33954,0.0,
MOF_net-qtz-x_node1-N70_edge1-E2,MOF_net-qtz-x_node1-N70_edge1-E2.cif,5.98015,4.85174,5.7949,1.12245,1678.88,1495.72,0.4222,0.376141476,0.4222,0.0,0.376142,0.0,0.376142,0.0,
MOF_net-qzd_node1-N24_edge1-none,MOF_net-qzd_node1-N24_edge1-none.cif,5.75179,4.74649,5.7489,1.0808,824.59,762.948,0.2535,0.234548483,0.2535,0.0,0.234549,0.0,0.234549,0.0,
MOF_net-reo_node1-N5_edge1-E10,MOF_net-reo_node1-N5_edge1-E10.cif,8.318,5.80751,7.87887,1.01487,1486.09,1464.32,0.4247,0.418477243,0.4247,0.0,0.418477,0.0,0.418477,0.0,
MOF_net-rob_node1-N14_edge1-E3,MOF_net-rob_node1-N14_edge1-E3.cif,6.45333,5.07834,6.21818,0.986364,1916.71,1943.21,0.4982,0.505087371,0.4982,0.0,0.505087,0.0,0.505087,0.0,
MOF_net-rob_node1-N16_edge1-E3,MOF_net-rob_node1-N16_edge1-E3.cif,6.75646,4.92543,6.724,0.9302,1976.66,2124.98,0.5061,0.544076543,0.5061,0.0,0.544077,0.0,0.544077,0.0,
MOF_net-rob_node1-N39_edge1-E2,MOF_net-rob_node1-N39_edge1-E2.cif,6.657,4.3082,6.39641,1.05738,1313.54,1242.27,0.3607,0.34112618,0.3607,0.0,0.341127,0.0,0.341127,0.0,
MOF_net-rob_node1-N44_edge1-E2,MOF_net-rob_node1-N44_edge1-E2.cif,6.84913,3.79815,6.84913,1.54097,587.684,381.373,0.2578,0.167297222,0.1515,0.1063,0.0983148,0.0689826,0.0983148,684.383,
MOF_net-rob_node1-N44_edge1-E3,MOF_net-rob_node1-N44_edge1-E3.cif,7.30176,3.98134,6.25663,1.40535,528.462,376.037,0.2915,0.207421639,0.1477,0.1438,0.105099,0.102324,0.105099,896.772,
MOF_net-rob_node1-N46_edge1-E2,MOF_net-rob_node1-N46_edge1-E2.cif,6.26303,4.30353,6.11191,1.54666,941.588,608.787,0.2684,0.173535231,0.266,0.0024,0.171983,0.00155173,0.171983,15.4294,
MOF_net-rob_node1-N46_edge1-E3,MOF_net-rob_node1-N46_edge1-E3.cif,6.68414,4.1549,6.50794,1.41101,1121.27,794.662,0.2796,0.198155931,0.2796,0.0,0.198156,0.0,0.198156,0.0,
MOF_net-rob_node1-N46_edge1-E6,MOF_net-rob_node1-N46_edge1-E6.cif,8.82931,5.1094,8.75233,1.06145,1746.34,1645.25,0.4892,0.460878986,0.4892,0.0,0.460881,0.0,0.460881,0.0,
MOF_net-rob_node1-N70_edge1-E2,MOF_net-rob_node1-N70_edge1-E2.cif,6.84076,3.95893,4.97905,1.42861,977.83,684.461,0.2739,0.191724823,0.2739,0.0,0.191724,0.0,0.191724,0.0,
MOF_net-rob_node1-N70_edge1-E3,MOF_net-rob_node1-N70_edge1-E3.cif,5.24234,4.25091,5.23546,1.25445,1455.74,1160.46,0.3567,0.284347722,0.3567,0.0,0.284348,0.0,0.284348,0.0,
MOF_net-rtl_node1-N19_node2-orgN8_edge1-none,MOF_net-rtl_node1-N19_node2-orgN8_edge1-none.cif,5.99015,5.66078,5.96243,1.40611,1106.63,787.019,0.377,0.268115581,0.377,0.0,0.268116,0.0,0.268116,0.0,
MOF_net-rtl_node1-N44_node2-orgN22_edge1-none,MOF_net-rtl_node1-N44_node2-orgN22_edge1-none.cif,6.52673,3.86584,6.51679,1.16993,874.152,747.183,0.2868,0.245142872,0.2495,0.0373,0.213261,0.0318822,0.213261,137.797,
MOF_net-rtl_node1-N46_node2-orgN5_edge1-none,MOF_net-rtl_node1-N46_node2-orgN5_edge1-none.cif,6.57979,4.20221,6.54632,1.16816,916.657,784.7,0.2843,0.243374195,0.2593,0.025,0.221973,0.0214011,0.221973,92.3086,
MOF_net-rtl_node1-N49_node2-orgN8_edge1-none,MOF_net-rtl_node1-N49_node2-orgN8_edge1-none.cif,5.8811,5.56732,5.8811,1.25113,1097.1,876.885,0.373,0.29813049,0.373,0.0,0.298131,0.0,0.298131,0.0,
MOF_net-scu_node1-N80_node2-N57_edge1-none,MOF_net-scu_node1-N80_node2-N57_edge1-none.cif,8.69063,6.621,8.67696,1.42393,1416.65,994.888,0.469,0.329370124,0.469,0.0,0.329371,0.0,0.329371,0.0,
MOF_net-ske_node1-N17_edge1-none,MOF_net-ske_node1-N17_edge1-none.cif,5.21147,4.60371,5.20228,1.17328,990.558,844.261,0.2425,0.206685531,0.2425,0.0,0.206685,0.0,0.206685,0.0,
MOF_net-ske_node1-N30_edge1-none,MOF_net-ske_node1-N30_edge1-none.cif,5.0738,4.08144,5.07308,1.79978,797.058,442.863,0.2268,0.126015402,0.2268,0.0,0.126015,0.0,0.126015,0.0,
MOF_net-ske_node1-N39_edge1-none,MOF_net-ske_node1-N39_edge1-none.cif,7.19491,5.68603,7.19418,1.17617,760.868,646.902,0.2659,0.226072762,0.2278,0.0381,0.193679,0.0323932,0.193679,184.196,
MOF_net-sma_node1-N36_edge1-none,MOF_net-sma_node1-N36_edge1-none.cif,8.26193,7.74743,8.26193,1.38874,1349.01,971.392,0.4534,0.326482999,0.4534,0.0,0.326484,0.0,0.326484,0.0,
MOF_net-smb_node1-N38_edge1-none,MOF_net-smb_node1-N38_edge1-none.cif,7.32189,4.02514,7.32189,1.5192,1451.72,955.582,0.3844,0.253027909,0.3844,0.0,0.253027,0.0,0.253027,0.0,
MOF_net-smn_node1-N38_edge1-none,MOF_net-smn_node1-N38_edge1-none.cif,5.12423,4.17985,5.12423,1.75258,166.321,94.9009,0.0462,0.026361136,0.0462,0.0,0.0263612,0.0,0.0263612,0.0,
MOF_net-smn_node1-N61_edge1-none,MOF_net-smn_node1-N61_edge1-none.cif,5.85386,4.79241,5.85386,1.54343,302.322,195.877,0.0739,0.04788037,0.0739,0.0,0.0478805,0.0,0.0478805,0.0,
MOF_net-smu_node1-N49_edge1-none,MOF_net-smu_node1-N49_edge1-none.cif,6.66549,4.36896,6.66549,1.50667,811.259,538.446,0.2659,0.17648191,0.2659,0.0,0.176482,0.0,0.176482,0.0,
MOF_net-snk_node1-N43_edge1-E2,MOF_net-snk_node1-N43_edge1-E2.cif,7.40199,4.9905,7.30957,1.25441,1079.75,860.761,0.2826,0.225285194,0.2762,0.0064,0.220182,0.00510198,0.220182,101.234,
MOF_net-snk_node1-N46_edge1-E10,MOF_net-snk_node1-N46_edge1-E10.cif,7.28753,3.92986,5.92479,1.25064,986.065,788.447,0.2529,0.202216465,0.2456,0.0073,0.196379,0.005837,0.196379,116.543,
MOF_net-snk_node1-N46_edge1-E2,MOF_net-snk_node1-N46_edge1-E2.cif,7.19969,4.05153,6.37624,1.21577,1151.23,946.909,0.2801,0.230388972,0.2801,0.0,0.230388,0.0,0.230388,0.0,
MOF_net-snk_node1-N47_edge1-E10,MOF_net-snk_node1-N47_edge1-E10.cif,7.01582,4.58582,6.85675,1.27207,1072.98,843.49,0.2745,0.215790012,0.2694,0.0051,0.211781,0.00400922,0.211781,79.3076,
MOF_net-snk_node1-N48_edge1-E2,MOF_net-snk_node1-N48_edge1-E2.cif,7.42657,3.99285,6.91271,1.21062,386.281,319.077,0.2876,0.237564223,0.1049,0.1827,0.0866498,0.150914,0.0866498,2973.28,
MOF_net-snk_node1-N48_edge1-E3,MOF_net-snk_node1-N48_edge1-E3.cif,7.14678,3.84149,7.05031,1.1048,1182.03,1069.9,0.3288,0.297610427,0.3107,0.0181,0.281227,0.016383,0.281227,284.864,
MOF_net-snk_node1-N49_edge1-none,MOF_net-snk_node1-N49_edge1-none.cif,5.48492,3.76704,5.04705,1.54475,458.245,296.646,0.1734,0.112251173,0.1734,0.0,0.112251,0.0,0.112251,0.0,
MOF_net-snl_node1-N39_edge1-none,MOF_net-snl_node1-N39_edge1-none.cif,6.50938,4.38685,6.28074,1.26347,201.866,159.771,0.2396,0.189636477,0.0545,0.1851,0.0431352,0.146501,0.0431352,1666.09,
MOF_net-snl_node1-N6_edge1-none,MOF_net-snl_node1-N6_edge1-none.cif,6.63627,5.26201,6.63627,1.29307,401.436,310.453,0.2215,0.171297764,0.1032,0.1183,0.0798103,0.091488,0.0798103,1139.93,
MOF_net-soc_node1-N24_node2-N20_edge1-none,MOF_net-soc_node1-N24_node2-N20_edge1-none.cif,7.33802,5.28776,7.07512,1.23917,1513.99,1221.78,0.4445,0.358707845,0.3671,0.0774,0.296247,0.0624612,0.296247,838.436,
MOF_net-sod_node1-N42_edge1-none,MOF_net-sod_node1-N42_edge1-none.cif,8.964,7.40914,8.96389,1.32801,1188.63,895.042,0.3964,0.298491728,0.3964,0.0,0.298491,0.0,0.298491,0.0,
MOF_net-sou_node1-N22_edge1-none,MOF_net-sou_node1-N22_edge1-none.cif,5.35649,4.12585,5.35529,1.7367,332.071,191.208,0.0966,0.055622733,0.0592,0.0374,0.0340877,0.0215351,0.0340877,711.557,
MOF_net-sow_node1-N18_edge1-E10,MOF_net-sow_node1-N18_edge1-E10.cif,7.4384,4.63863,7.39939,0.977789,1768.55,1808.73,0.4749,0.485687607,0.4749,0.0,0.485687,0.0,0.485687,0.0,
MOF_net-sow_node1-N73_edge1-none,MOF_net-sow_node1-N73_edge1-none.cif,6.8551,6.14441,6.8551,1.51733,1505.03,991.895,0.4013,0.264477734,0.4013,0.0,0.264478,0.0,0.264478,0.0,
MOF_net-sra_node1-N42_edge1-none,MOF_net-sra_node1-N42_edge1-none.cif,6.86763,6.37236,6.85959,1.41646,1392.94,983.398,0.4155,0.29333691,0.4155,0.0,0.293338,0.0,0.293338,0.0,
MOF_net-ssc_node1-N18_node2-orgN10_edge1-E7,MOF_net-ssc_node1-N18_node2-orgN10_edge1-E7.cif,8.60123,4.82944,8.60123,0.842716,1116.63,1325.04,0.2521,0.29915179,0.2402,0.0119,0.285031,0.014121,0.285031,363.355,
MOF_net-sth_node1-N0_edge1-none,MOF_net-sth_node1-N0_edge1-none.cif,13.53453,4.09337,13.53453,0.779014,1825.99,2343.98,0.5527,0.709486607,0.5527,0.0,0.709487,0.0,0.709487,0.0,
MOF_net-svf_node1-N32_edge1-E10,MOF_net-svf_node1-N32_edge1-E10.cif,10.79962,6.94509,9.63419,0.926005,1631.44,1761.8,0.4476,0.48336672,0.4378,0.0098,0.472784,0.0105831,0.472784,135.467,
MOF_net-svz_node1-N32_edge1-none,MOF_net-svz_node1-N32_edge1-none.cif,13.10208,3.7456,8.22796,1.2916,519.655,402.334,0.2561,0.198281202,0.1354,0.1207,0.104831,0.0934501,0.104831,3627.53,
MOF_net-swl_node1-N32_edge1-none,MOF_net-swl_node1-N32_edge1-none.cif,5.32277,3.78057,5.3034,1.13555,1222.21,1076.31,0.2909,0.256175422,0.2909,0.0,0.256175,0.0,0.256175,0.0,
MOF_net-sxa_node1-N38_edge1-E2,MOF_net-sxa_node1-N38_edge1-E2.cif,8.85645,4.8013,8.42195,0.968968,1899.7,1960.54,0.4957,0.511575202,0.4957,0.0,0.511575,0.0,0.511575,0.0,
MOF_net-sxa_node1-N39_edge1-E10,MOF_net-sxa_node1-N39_edge1-E10.cif,6.73591,4.48062,6.43257,0.92496,1599.77,1729.55,0.4185,0.452451998,0.4185,0.0,0.452452,0.0,0.452452,0.0,
MOF_net-sxb_node1-N58_edge1-E3,MOF_net-sxb_node1-N58_edge1-E3.cif,5.55561,5.39476,5.55561,2.29835,1047.6,455.804,0.3196,0.13905628,0.3196,0.0,0.139057,0.0,0.139057,0.0,
MOF_net-sxc_node1-N15_edge1-none,MOF_net-sxc_node1-N15_edge1-none.cif,5.90125,4.11414,5.90125,1.30336,1170.77,898.27,0.3553,0.272603118,0.3553,0.0,0.272602,0.0,0.272602,0.0,
MOF_net-sxc_node1-N30_edge1-none,MOF_net-sxc_node1-N30_edge1-none.cif,5.89099,3.86289,5.89099,1.26983,1154.45,909.137,0.3706,0.29185009,0.3706,0.0,0.29185,0.0,0.29185,0.0,
MOF_net-sxc_node1-N46_edge1-E10,MOF_net-sxc_node1-N46_edge1-E10.cif,5.86645,3.92995,5.85051,1.13418,1010.78,891.197,0.2628,0.231709252,0.2628,0.0,0.23171,0.0,0.23171,0.0,
MOF_net-sxc_node1-N58_edge1-none,MOF_net-sxc_node1-N58_edge1-none.cif,5.76655,3.82632,5.70251,1.31366,1120.21,852.741,0.3592,0.273434526,0.3592,0.0,0.273434,0.0,0.273434,0.0,
MOF_net-sxg_node1-N43_edge1-none,MOF_net-sxg_node1-N43_edge1-none.cif,8.66077,3.98473,8.66077,1.69372,996.842,588.551,0.2167,0.127943226,0.2167,0.0,0.127943,0.0,0.127943,0.0,
MOF_net-sxg_node1-N45_edge1-none,MOF_net-sxg_node1-N45_edge1-none.cif,8.65403,3.98382,8.65403,1.69651,998.167,588.366,0.2173,0.128086483,0.2173,0.0,0.128087,0.0,0.128087,0.0,
MOF_net-sxg_node1-N47_edge1-none,MOF_net-sxg_node1-N47_edge1-none.cif,8.67046,4.02125,8.67046,1.65584,1014.7,612.805,0.2213,0.133648179,0.2213,0.0,0.133648,0.0,0.133648,0.0,
MOF_net-thp-x_node1-N8_edge1-E5,MOF_net-thp-x_node1-N8_edge1-E5.cif,8.43615,4.46447,8.04855,1.28052,1535.68,1199.27,0.3215,0.251069878,0.3199,0.0016,0.24982,0.00124949,0.24982,59.1243,
MOF_net-tsx_node1-N19_node2-orgN23_edge1-E10,MOF_net-tsx_node1-N19_node2-orgN23_edge1-E10.cif,8.55112,5.12055,8.42359,0.826946,1998.04,2416.17,0.5482,0.662921158,0.5482,0.0,0.662921,0.0,0.662921,0.0,
MOF_net-tsx_node1-N19_node2-orgN23_edge1-E2,MOF_net-tsx_node1-N19_node2-orgN23_edge1-E2.cif,8.89723,5.86625,8.04051,0.800469,2062.01,2576.01,0.5714,0.713831516,0.5714,0.0,0.713831,0.0,0.713831,0.0,
MOF_net-tsx_node1-N19_node2-orgN8_edge1-E2,MOF_net-tsx_node1-N19_node2-orgN8_edge1-E2.cif,7.54146,5.55212,7.52232,1.10704,1461.97,1320.61,0.4195,0.37893843,0.4195,0.0,0.378939,0.0,0.378939,0.0,
MOF_net-tsx_node1-N28_node2-N66_edge1-none,MOF_net-tsx_node1-N28_node2-N66_edge1-none.cif,5.32979,4.07546,5.32979,1.66497,1271.43,763.635,0.3803,0.228412524,0.3803,0.0,0.228413,0.0,0.228413,0.0,
MOF_net-tsx_node1-N39_node2-orgN8_edge1-E10,MOF_net-tsx_node1-N39_node2-orgN8_edge1-E10.cif,8.01601,4.88991,8.01601,0.998572,1818.98,1821.58,0.5075,0.508225746,0.5075,0.0,0.508226,0.0,0.508226,0.0,
MOF_net-tsx_node1-N49_node2-orgN23_edge1-E2,MOF_net-tsx_node1-N49_node2-orgN23_edge1-E2.cif,8.92683,5.43062,8.76561,0.771143,2102.61,2726.61,0.5632,0.730344437,0.5632,0.0,0.730345,0.0,0.730345,0.0,
MOF_net-tsx_node1-N49_node2-orgN8_edge1-E10,MOF_net-tsx_node1-N49_node2-orgN8_edge1-E10.cif,6.7469,4.18602,6.7469,1.10629,1412.04,1276.37,0.412,0.372415913,0.412,0.0,0.372414,0.0,0.372414,0.0,
MOF_net-tsx_node1-N52_node2-orgN26_edge1-none,MOF_net-tsx_node1-N52_node2-orgN26_edge1-none.cif,6.0488,4.59248,6.0488,1.00171,1379.56,1377.2,0.3694,0.368769404,0.3694,0.0,0.368768,0.0,0.368768,0.0,
MOF_net-tsx_node1-N52_node2-orgN8_edge1-E10,MOF_net-tsx_node1-N52_node2-orgN8_edge1-E10.cif,6.55281,3.81526,6.49326,1.18708,1313.74,1106.7,0.389,0.327694848,0.389,0.0,0.327696,0.0,0.327696,0.0,
MOF_net-ukg_node1-N57_edge1-none,MOF_net-ukg_node1-N57_edge1-none.cif,7.18167,4.30225,6.86105,1.25921,2026.48,1609.33,0.5291,0.420184084,0.5291,0.0,0.420186,0.0,0.420186,0.0,
MOF_net-ume_node1-N42_edge1-none,MOF_net-ume_node1-N42_edge1-none.cif,5.40215,4.1258,5.12893,1.77105,771.283,435.494,0.2185,0.12337314,0.2185,0.0,0.123373,0.0,0.123373,0.0,
MOF_net-umy_node1-N4_edge1-none,MOF_net-umy_node1-N4_edge1-none.cif,5.05642,4.47081,5.05642,1.34289,730.665,544.1,0.1909,0.142156096,0.1909,0.0,0.142156,0.0,0.142156,0.0,
MOF_net-und_node1-N4_edge1-none,MOF_net-und_node1-N4_edge1-none.cif,4.87122,3.77699,4.80159,1.5315,123.576,80.6894,0.0344,0.022461639,0.0344,0.0,0.0224616,0.0,0.0224616,0.0,
MOF_net-uol_node1-N42_edge1-none,MOF_net-uol_node1-N42_edge1-none.cif,5.17251,4.88704,5.17251,1.67186,655.061,391.816,0.1755,0.104972904,0.1755,0.0,0.104973,0.0,0.104973,0.0,
MOF_net-uop_node1-N57_edge1-none,MOF_net-uop_node1-N57_edge1-none.cif,5.01298,4.07553,5.00959,1.55386,320.723,206.404,0.1583,0.10187533,0.0939,0.0644,0.0604302,0.0414452,0.0604302,253.386,
MOF_net-uop_node1-N73_edge1-none,MOF_net-uop_node1-N73_edge1-none.cif,7.0671,4.76139,7.0671,1.38921,2627.53,1891.38,0.5786,0.416495706,0.5786,0.0,0.416494,0.0,0.416494,0.0,
MOF_net-uot_node1-N4_edge1-none,MOF_net-uot_node1-N4_edge1-none.cif,6.52752,3.92738,6.50781,1.42876,934.845,654.304,0.2613,0.182885859,0.2613,0.0,0.182885,0.0,0.182885,0.0,
MOF_net-uou_node1-N42_edge1-none,MOF_net-uou_node1-N42_edge1-none.cif,5.05484,4.40475,5.05164,1.6064,624.902,389.008,0.1978,0.12313247,0.1978,0.0,0.123132,0.0,0.123132,0.0,
MOF_net-upa_node1-N18_edge1-none,MOF_net-upa_node1-N18_edge1-none.cif,6.2416,3.79363,6.2416,1.5011,666.357,443.913,0.2491,0.165944974,0.2491,0.0,0.165945,0.0,0.165945,0.0,
MOF_net-upa_node1-N29_edge1-none,MOF_net-upa_node1-N29_edge1-none.cif,6.69062,4.27075,6.59486,1.37713,1388.74,1008.43,0.4151,0.301423976,0.4151,0.0,0.301424,0.0,0.301424,0.0,
MOF_net-upa_node1-N55_edge1-none,MOF_net-upa_node1-N55_edge1-none.cif,7.1675,4.94796,7.15827,1.17877,1578.65,1339.23,0.4687,0.397617856,0.4687,0.0,0.397617,0.0,0.397617,0.0,
MOF_net-upb_node1-N55_edge1-none,MOF_net-upb_node1-N55_edge1-none.cif,11.6691,4.29675,10.07132,0.962821,1482.34,1539.58,0.5089,0.528550998,0.5089,0.0,0.528551,0.0,0.528551,0.0,
MOF_net-upc_node1-N74_edge1-E10,MOF_net-upc_node1-N74_edge1-E10.cif,14.21335,6.78763,12.82246,0.904151,1945.18,2151.39,0.5981,0.66150455,0.5981,0.0,0.661504,0.0,0.661504,0.0,
MOF_net-upd_node1-N57_edge1-none,MOF_net-upd_node1-N57_edge1-none.cif,6.0887,4.05549,5.6395,1.50589,1373.85,912.314,0.3298,0.2190067,0.3298,0.0,0.219006,0.0,0.219006,0.0,
MOF_net-ure_node1-N10_edge1-E10,MOF_net-ure_node1-N10_edge1-E10.cif,6.36551,4.75152,6.33211,1.05496,1388.1,1315.78,0.3305,0.31328202,0.3305,0.0,0.313282,0.0,0.313282,0.0,
MOF_net-ure_node1-N18_edge1-E10,MOF_net-ure_node1-N18_edge1-E10.cif,5.81673,4.14816,5.48532,1.29319,1010.59,781.465,0.2221,0.171745838,0.2207,0.0014,0.170663,0.00108259,0.170663,16.2861,
MOF_net-ure_node1-N29_edge1-E10,MOF_net-ure_node1-N29_edge1-E10.cif,6.16407,3.86934,5.6925,1.35326,641.685,474.176,0.2035,0.150377607,0.1612,0.0423,0.11912,0.0312578,0.11912,467.7,
MOF_net-ure_node1-N29_edge1-E2,MOF_net-ure_node1-N29_edge1-E2.cif,6.52413,4.2933,6.38921,1.30978,924.731,706.02,0.2368,0.180793721,0.2266,0.0102,0.173006,0.00778757,0.173006,115.697,
MOF_net-ure_node1-N4_edge1-E3,MOF_net-ure_node1-N4_edge1-E3.cif,6.24915,3.73751,6.12143,1.39673,518.486,371.214,0.1382,0.098945394,0.1259,0.0123,0.0901392,0.00880629,0.0901392,182.148,
MOF_net-ure_node1-N55_edge1-E10,MOF_net-ure_node1-N55_edge1-E10.cif,6.61789,4.43463,5.74073,1.0869,1300.03,1196.1,0.3018,0.277670439,0.3018,0.0,0.277672,0.0,0.277672,0.0,
MOF_net-ure_node1-N78_edge1-E10,MOF_net-ure_node1-N78_edge1-E10.cif,7.08447,4.96933,6.98419,1.24878,1110.58,889.334,0.2909,0.232947357,0.2764,0.0145,0.221336,0.0116113,0.221336,178.661,
MOF_net-usf_node1-N24_edge1-none,MOF_net-usf_node1-N24_edge1-none.cif,7.48375,4.85947,6.12754,1.1412,1071.54,938.965,0.2877,0.252103049,0.2877,0.0,0.252104,0.0,0.252104,0.0,
MOF_net-vbg_node1-N0_edge1-none,MOF_net-vbg_node1-N0_edge1-none.cif,6.53545,4.55269,6.53151,0.991047,1920.08,1937.42,0.4349,0.438828835,0.4349,0.0,0.438829,0.0,0.438829,0.0,
MOF_net-vbm_node1-N19_edge1-none,MOF_net-vbm_node1-N19_edge1-none.cif,6.31335,4.0059,6.31335,1.78004,680.945,382.545,0.2249,0.126345475,0.2249,0.0,0.126346,0.0,0.126346,0.0,
MOF_net-vbm_node1-N46_edge1-E2,MOF_net-vbm_node1-N46_edge1-E2.cif,9.84534,5.50858,9.7944,1.09995,1487.57,1352.39,0.3357,0.305195691,0.332,0.0037,0.301831,0.00336377,0.301831,133.789,
MOF_net-vbm_node1-N49_edge1-none,MOF_net-vbm_node1-N49_edge1-none.cif,6.13731,3.91106,5.05678,1.49406,620.197,415.11,0.2115,0.14156058,0.2115,0.0,0.141561,0.0,0.141561,0.0,
MOF_net-vby_node1-N52_edge1-none,MOF_net-vby_node1-N52_edge1-none.cif,5.59674,4.71161,4.94431,2.26639,496.514,219.077,0.196,0.086481144,0.196,0.0,0.086481,0.0,0.086481,0.0,
MOF_net-vcc_node1-N6_edge1-none,MOF_net-vcc_node1-N6_edge1-none.cif,7.84244,4.89142,6.4617,1.20383,1286.63,1068.78,0.3186,0.264655308,0.3072,0.0114,0.255185,0.00946974,0.255185,235.985,
MOF_net-vcd_node1-N0_edge1-none,MOF_net-vcd_node1-N0_edge1-none.cif,6.88374,3.8429,6.88321,0.946373,1834.36,1938.31,0.4336,0.458170299,0.4336,0.0,0.45817,0.0,0.45817,0.0,
MOF_net-vmm_node1-N32_edge1-none,MOF_net-vmm_node1-N32_edge1-none.cif,5.72476,4.38728,5.71681,1.19318,1297.4,1087.34,0.3998,0.335070987,0.3998,0.0,0.33507,0.0,0.33507,0.0,
MOF_net-wfs_node1-N59_edge1-none,MOF_net-wfs_node1-N59_edge1-none.cif,7.15418,4.74318,7.15418,1.44086,1611.73,1118.59,0.4046,0.28080452,0.4046,0.0,0.280805,0.0,0.280805,0.0,
MOF_net-wfz_node1-N32_edge1-none,MOF_net-wfz_node1-N32_edge1-none.cif,5.74919,4.66356,5.74076,1.15149,1283.02,1114.22,0.3787,0.328878236,0.3787,0.0,0.328877,0.0,0.328877,0.0,
MOF_net-wgs_node1-N86_edge1-none,MOF_net-wgs_node1-N86_edge1-none.cif,7.24043,4.06649,7.22853,1.07566,734.405,682.751,0.1993,0.185281595,0.1676,0.0317,0.155812,0.0294704,0.155812,562.478,
MOF_net-wgu_node1-N85_edge1-none,MOF_net-wgu_node1-N85_edge1-none.cif,4.36399,3.77424,4.30776,0.995885,500.746,502.816,0.1686,0.169296656,0.1614,0.0072,0.162067,0.00722975,0.162067,34.4971,
MOF_net-whh_node1-N61_edge1-E10,MOF_net-whh_node1-N61_edge1-E10.cif,15.2852,4.60689,15.2852,0.900721,1483.69,1647.22,0.4973,0.552113251,0.4973,0.0,0.552113,0.0,0.552113,0.0,
MOF_net-whk_node1-N19_edge1-none,MOF_net-whk_node1-N19_edge1-none.cif,6.85676,3.80088,6.84261,1.7069,839.623,491.9,0.2378,0.13931689,0.2378,0.0,0.139317,0.0,0.139317,0.0,
MOF_net-whk_node1-N38_edge1-none,MOF_net-whk_node1-N38_edge1-none.cif,10.03155,3.85694,10.0097,1.46022,1189.99,814.941,0.3947,0.270301735,0.3947,0.0,0.270303,0.0,0.270303,0.0,
MOF_net-whk_node1-N6_edge1-none,MOF_net-whk_node1-N6_edge1-none.cif,7.01574,3.77109,7.01004,1.23124,502.245,407.919,0.1545,0.125483253,0.1482,0.0063,0.120367,0.0051168,0.120367,63.7551,
MOF_net-why_node1-N39_edge1-none,MOF_net-why_node1-N39_edge1-none.cif,6.59039,3.81704,6.57984,1.19586,612.989,512.593,0.3227,0.269847641,0.1707,0.152,0.142742,0.127105,0.142742,1445.51,
MOF_net-whz_node1-N21_edge1-none,MOF_net-whz_node1-N21_edge1-none.cif,7.48646,5.78006,7.48646,1.2254,1778.78,1451.6,0.4215,0.343969316,0.4084,0.0131,0.333279,0.0106904,0.333279,204.552,
MOF_net-wio_node1-N19_edge1-none,MOF_net-wio_node1-N19_edge1-none.cif,4.71468,4.12448,4.71468,1.91627,723.917,377.774,0.173,0.090279554,0.173,0.0,0.0902794,0.0,0.0902794,0.0,
MOF_net-wiv_node1-N46_edge1-E2,MOF_net-wiv_node1-N46_edge1-E2.cif,7.42815,4.09784,6.15022,1.40841,1013.97,719.945,0.2071,0.14704525,0.1997,0.0074,0.141791,0.00525417,0.141791,208.976,
MOF_net-wiv_node1-N46_edge1-E3,MOF_net-wiv_node1-N46_edge1-E3.cif,6.7439,4.80769,6.71747,1.28984,1128.53,874.934,0.2327,0.180409973,0.2275,0.0052,0.176378,0.0040315,0.176378,141.689,
MOF_net-wiv_node1-N47_edge1-E10,MOF_net-wiv_node1-N47_edge1-E10.cif,7.09336,3.75941,6.40634,1.47066,371.933,252.902,0.1493,0.101519046,0.0679,0.0814,0.0461698,0.0553493,0.0461698,2189.76,
MOF_net-wiv_node1-N47_edge1-E3,MOF_net-wiv_node1-N47_edge1-E3.cif,6.17957,3.85426,6.16592,1.30556,868.472,665.211,0.1887,0.144535678,0.1758,0.0129,0.134655,0.00988083,0.134655,343.611,
MOF_net-wiv_node1-N48_edge1-E3,MOF_net-wiv_node1-N48_edge1-E3.cif,6.73597,4.80494,6.59308,1.2826,1125.87,877.8,0.2286,0.178231717,0.2246,0.004,0.175112,0.00311865,0.175112,108.453,
MOF_net-wiv_node1-N52_edge1-none,MOF_net-wiv_node1-N52_edge1-none.cif,4.96581,3.94794,4.82887,2.48086,390.518,157.412,0.1501,0.060503213,0.1501,0.0,0.0605033,0.0,0.0605033,0.0,
MOF_net-wkt_node1-N59_edge1-none,MOF_net-wkt_node1-N59_edge1-none.cif,10.94809,10.4753,10.93977,1.03274,1723.02,1668.4,0.5555,0.537889498,0.5555,0.0,0.537892,0.0,0.537892,0.0,
MOF_net-wli_node1-N86_edge1-none,MOF_net-wli_node1-N86_edge1-none.cif,8.47532,5.29361,5.6971,0.802348,2132.02,2657.22,0.567,0.706675906,0.567,0.0,0.706676,0.0,0.706676,0.0,
MOF_net-wme_node1-N19_edge1-none,MOF_net-wme_node1-N19_edge1-none.cif,9.71656,3.86689,9.71656,1.74564,927.824,531.511,0.3302,0.189156985,0.3221,0.0081,0.184517,0.00464014,0.184517,39.6538,
MOF_net-wme_node1-N21_edge1-none,MOF_net-wme_node1-N21_edge1-none.cif,8.01258,5.59788,7.6114,1.27659,1666.27,1305.25,0.4525,0.354459928,0.4362,0.0163,0.341691,0.0127684,0.341691,183.234,
MOF_net-wme_node1-N36_edge1-none,MOF_net-wme_node1-N36_edge1-none.cif,7.89917,5.39737,7.89155,1.2791,1681.97,1314.97,0.4592,0.359002424,0.44,0.0192,0.343992,0.0150105,0.343992,218.573,
MOF_net-wme_node1-N45_edge1-none,MOF_net-wme_node1-N45_edge1-none.cif,7.40513,4.11563,5.96738,2.0649,724.599,350.912,0.1908,0.092401569,0.1908,0.0,0.0924014,0.0,0.0924014,0.0,
MOF_net-wme_node1-N47_edge1-none,MOF_net-wme_node1-N47_edge1-none.cif,7.48183,4.1591,6.01378,2.01307,738.949,367.076,0.195,0.096866974,0.195,0.0,0.0968672,0.0,0.0968672,0.0,
MOF_net-wmi_node1-N14_edge1-none,MOF_net-wmi_node1-N14_edge1-none.cif,8.25032,5.54644,8.25032,1.2438,1443.83,1160.82,0.4325,0.347724715,0.4054,0.0271,0.325936,0.0217881,0.325936,478.074,
MOF_net-wmi_node1-N21_edge1-none,MOF_net-wmi_node1-N21_edge1-none.cif,8.37416,5.41567,8.36666,1.20735,1436.3,1189.62,0.4328,0.358471032,0.4025,0.0303,0.333374,0.0250962,0.333374,540.219,
MOF_net-wmy_node1-N38_edge1-none,MOF_net-wmy_node1-N38_edge1-none.cif,5.17161,3.78475,5.17161,1.7007,587.973,345.724,0.1672,0.09831246,0.1469,0.0203,0.0863762,0.0119363,0.0863762,319.373,
MOF_net-wna_node1-N14_edge1-none,MOF_net-wna_node1-N14_edge1-none.cif,8.26926,6.95737,8.21098,1.24229,1790.86,1441.59,0.4218,0.339534247,0.4218,0.0,0.339535,0.0,0.339535,0.0,
MOF_net-wna_node1-N33_edge1-none,MOF_net-wna_node1-N33_edge1-none.cif,8.15322,6.56557,7.88685,1.16361,1841.64,1582.7,0.429,0.368680228,0.429,0.0,0.368682,0.0,0.368682,0.0,
MOF_net-wna_node1-N58_edge1-none,MOF_net-wna_node1-N58_edge1-none.cif,8.17653,6.62907,7.94365,1.16749,1835.05,1571.78,0.4297,0.368054544,0.4297,0.0,0.368053,0.0,0.368053,0.0,
MOF_net-wnd_node1-N21_edge1-none,MOF_net-wnd_node1-N21_edge1-none.cif,6.75592,5.59771,6.75555,1.28472,1464.78,1140.15,0.3714,0.28909023,0.3489,0.0225,0.271576,0.0175135,0.271576,753.988,
MOF_net-wni_node1-N32_edge1-E10,MOF_net-wni_node1-N32_edge1-E10.cif,11.00908,6.08539,10.63181,0.802864,1724.37,2147.77,0.5262,0.655403655,0.5084,0.0178,0.633233,0.0221706,0.633233,212.843,
MOF_net-wnn_node1-N32_edge1-none,MOF_net-wnn_node1-N32_edge1-none.cif,8.76704,7.08698,8.75917,1.20622,555.47,460.506,0.2107,0.174677919,0.1652,0.0455,0.136957,0.0377212,0.136957,549.097,
MOF_net-wnr_node1-N32_edge1-none,MOF_net-wnr_node1-N32_edge1-none.cif,8.13397,7.77765,8.13397,1.08739,820.65,754.696,0.4227,0.388728975,0.2711,0.1516,0.249312,0.139416,0.249312,676.48,
MOF_net-xfg_node1-N32_edge1-none,MOF_net-xfg_node1-N32_edge1-none.cif,6.75228,3.84559,6.67702,1.35179,1102.07,815.269,0.3031,0.224221218,0.3031,0.0,0.224222,0.0,0.224222,0.0,
MOF_net-xfg_node1-N59_edge1-none,MOF_net-xfg_node1-N59_edge1-none.cif,8.51225,5.33227,8.51225,1.2225,1658.39,1356.55,0.4452,0.364171779,0.4452,0.0,0.364171,0.0,0.364171,0.0,
MOF_net-xfk_node1-N32_edge1-E3,MOF_net-xfk_node1-N32_edge1-E3.cif,10.78233,5.79533,10.55093,0.687577,1994.11,2900.2,0.5233,0.761078396,0.5233,0.0,0.761078,0.0,0.761078,0.0,
MOF_net-yfx_node1-N85_edge1-none,MOF_net-yfx_node1-N85_edge1-none.cif,9.70743,3.99104,9.70743,0.859544,1566.93,1822.98,0.4585,0.533422373,0.4585,0.0,0.533422,0.0,0.533422,0.0,
MOF_net-zfi_node1-N86_edge1-none,MOF_net-zfi_node1-N86_edge1-none.cif,8.83588,4.874,8.83588,0.897805,1634.9,1821.0,0.4393,0.48930447,0.4393,0.0,0.489305,0.0,0.489305,0.0,
MOF_net-zfo_node1-N86_edge1-none,MOF_net-zfo_node1-N86_edge1-none.cif,7.05863,4.43752,7.02326,1.07769,1136.99,1055.03,0.3137,0.291085563,0.3137,0.0,0.291087,0.0,0.291087,0.0,
MOF_net-zzz_node1-N12_node2-orgN9_edge1-none,MOF_net-zzz_node1-N12_node2-orgN9_edge1-none.cif,8.14032,6.60099,8.10502,2.01345,826.171,410.326,0.2756,0.136879485,0.2756,0.0,0.136879,0.0,0.136879,0.0,
MOF_net-zzz_node1-N13_node2-orgN9_edge1-none,MOF_net-zzz_node1-N13_node2-orgN9_edge1-none.cif,5.4856,4.58444,5.28073,2.53144,391.618,154.702,0.1619,0.063955693,0.148,0.0139,0.0584648,0.00549095,0.0584648,26.9612,
MOF_net-zzz_node1-N16_node2-orgN8_edge1-none,MOF_net-zzz_node1-N16_node2-orgN8_edge1-none.cif,8.75234,7.74662,8.75234,1.9494,823.003,422.183,0.2845,0.145942341,0.2845,0.0,0.145943,0.0,0.145943,0.0,
MOF_net-zzz_node1-N19_node2-orgN11_edge1-none,MOF_net-zzz_node1-N19_node2-orgN11_edge1-none.cif,7.68147,6.60537,7.68147,1.19426,1088.87,911.752,0.3252,0.272302514,0.3252,0.0,0.272302,0.0,0.272302,0.0,
MOF_net-zzz_node1-N30_node2-orgN9_edge1-none,MOF_net-zzz_node1-N30_node2-orgN9_edge1-none.cif,5.26858,4.41626,5.26858,1.77763,922.172,518.766,0.2346,0.13197347,0.2346,0.0,0.131974,0.0,0.131974,0.0,
MOF_net-zzz_node1-N36_node2-orgN8_edge1-none,MOF_net-zzz_node1-N36_node2-orgN8_edge1-none.cif,8.63598,7.5968,8.63598,2.07704,793.08,381.832,0.2779,0.133796171,0.2779,0.0,0.133796,0.0,0.133796,0.0,
MOF_net-zzz_node1-N39_node2-orgN8_edge1-none,MOF_net-zzz_node1-N39_node2-orgN8_edge1-none.cif,6.25727,5.77668,6.25727,1.34858,1137.95,843.813,0.3522,0.261163594,0.3522,0.0,0.261163,0.0,0.261163,0.0,
MOF_net-zzz_node1-N48_node2-orgN22_edge1-none,MOF_net-zzz_node1-N48_node2-orgN22_edge1-none.cif,6.12462,4.08495,6.12029,1.93844,328.647,169.542,0.1163,0.059996698,0.1091,0.0072,0.0562823,0.00371432,0.0562823,31.8462,
MOF_net-zzz_node1-N49_node2-orgN11_edge1-none,MOF_net-zzz_node1-N49_node2-orgN11_edge1-none.cif,7.54383,6.51301,7.54383,1.06186,1147.93,1081.06,0.348,0.327726819,0.348,0.0,0.327728,0.0,0.327728,0.0,
MOF_net-zzz_node1-N58_node2-orgN8_edge1-none,MOF_net-zzz_node1-N58_node2-orgN8_edge1-none.cif,8.76487,7.69612,8.76487,1.99414,828.366,415.4,0.2859,0.143370074,0.2859,0.0,0.14337,0.0,0.14337,0.0,
MOF_net-zzz_node1-N69_node2-orgN8_edge1-none,MOF_net-zzz_node1-N69_node2-orgN8_edge1-none.cif,6.05162,5.25472,6.05162,1.81655,697.563,384.004,0.2548,0.140265889,0.2112,0.0436,0.116264,0.0240015,0.116264,148.817,
MOF_net-anh_node1-N15_node2-orgN8_edge1-none,MOF_net-anh_node1-N15_node2-orgN8_edge1-none.cif,7.2684,4.42805,7.06451,1.13638,1569.42,1381.06,0.4334,0.381386508,0.4334,0.0,0.381385,0.0,0.381385,0.0,
MOF_net-anh_node1-N15_node2-orgN9_edge1-none,MOF_net-anh_node1-N15_node2-orgN9_edge1-none.cif,8.26773,5.5505,8.20094,0.938897,1955.42,2082.68,0.5246,0.558740735,0.5246,0.0,0.558741,0.0,0.558741,0.0,
MOF_net-anh_node1-N17_node2-orgN8_edge1-none,MOF_net-anh_node1-N17_node2-orgN8_edge1-none.cif,7.22014,4.38458,7.22014,1.07143,1590.14,1484.13,0.4393,0.410012787,0.4393,0.0,0.410011,0.0,0.410011,0.0,
MOF_net-anh_node1-N20_node2-orgN9_edge1-none,MOF_net-anh_node1-N20_node2-orgN9_edge1-none.cif,6.86518,3.90184,6.28576,1.50449,1234.35,820.444,0.3749,0.249187432,0.3749,0.0,0.249188,0.0,0.249188,0.0,
MOF_net-anh_node1-N33_node2-orgN11_edge1-none,MOF_net-anh_node1-N33_node2-orgN11_edge1-none.cif,13.1445,11.92485,13.1445,0.672934,1943.62,2888.28,0.7024,1.043787355,0.7024,0.0,1.04379,0.0,1.04379,0.0,
MOF_net-anh_node1-N58_node2-orgN22_edge1-none,MOF_net-anh_node1-N58_node2-orgN22_edge1-none.cif,12.26816,11.53887,12.26816,0.664872,1985.81,2986.75,0.6911,1.039448195,0.6911,0.0,1.03945,0.0,1.03945,0.0,
MOF_net-anh_node1-N69_node2-orgN22_edge1-none,MOF_net-anh_node1-N69_node2-orgN22_edge1-none.cif,9.49013,6.12521,9.20955,0.807053,2147.9,2661.41,0.6276,0.777644095,0.6276,0.0,0.777644,0.0,0.777644,0.0,
MOF_net-anh_node1-N70_node2-orgN23_edge1-none,MOF_net-anh_node1-N70_node2-orgN23_edge1-none.cif,14.48947,12.55225,14.38029,0.658283,1767.39,2684.85,0.6787,1.031015536,0.6787,0.0,1.03102,0.0,1.03102,0.0,
MOF_net-anh_node1-N70_node2-orgN3_edge1-none,MOF_net-anh_node1-N70_node2-orgN3_edge1-none.cif,13.30934,11.45264,13.19438,0.684399,1927.87,2816.89,0.6981,1.020019024,0.6981,0.0,1.02002,0.0,1.02002,0.0,
MOF_net-apo_node1-N44_node2-orgN3_edge1-none,MOF_net-apo_node1-N44_node2-orgN3_edge1-none.cif,6.37364,3.93159,6.16897,1.28646,1095.36,851.458,0.2852,0.22169364,0.2852,0.0,0.221694,0.0,0.221694,0.0,
MOF_net-apo_node1-N44_node2-orgN5_edge1-none,MOF_net-apo_node1-N44_node2-orgN5_edge1-none.cif,6.34084,3.85001,6.05876,1.2856,1099.14,854.962,0.2923,0.227364655,0.2923,0.0,0.227364,0.0,0.227364,0.0,
MOF_net-apo_node1-N46_node2-orgN5_edge1-none,MOF_net-apo_node1-N46_node2-orgN5_edge1-none.cif,6.32378,3.83825,6.04356,1.29222,1081.59,837.0,0.2897,0.224187832,0.2897,0.0,0.224188,0.0,0.224188,0.0,
MOF_net-apo_node1-N48_node2-orgN5_edge1-none,MOF_net-apo_node1-N48_node2-orgN5_edge1-none.cif,6.31528,3.82864,6.04333,1.28483,1063.21,827.513,0.2864,0.222908867,0.2864,0.0,0.222909,0.0,0.222909,0.0,
MOF_net-apo_node1-N52_node2-orgN8_edge1-none,MOF_net-apo_node1-N52_node2-orgN8_edge1-none.cif,6.44144,5.50928,6.44064,1.63636,1207.5,737.918,0.3769,0.23032829,0.3769,0.0,0.230328,0.0,0.230328,0.0,
MOF_net-bcg_node1-N34_edge1-E10,MOF_net-bcg_node1-N34_edge1-E10.cif,5.12707,3.94162,5.11265,1.78592,158.264,88.6174,0.1438,0.080518724,0.0472,0.0966,0.026429,0.0540898,0.026429,453.688,
MOF_net-bcg_node1-N76_edge1-E10,MOF_net-bcg_node1-N76_edge1-E10.cif,6.12779,4.21265,6.12779,1.17338,1014.82,864.871,0.2793,0.238030306,0.2793,0.0,0.23803,0.0,0.23803,0.0,
MOF_net-bcg_node1-N77_edge1-E10,MOF_net-bcg_node1-N77_edge1-E10.cif,6.50006,4.01859,6.12956,1.19148,902.156,757.176,0.2633,0.220985665,0.2633,0.0,0.220986,0.0,0.220986,0.0,
MOF_net-bcg_node1-N84_edge1-E10,MOF_net-bcg_node1-N84_edge1-E10.cif,5.06384,3.96334,5.06384,1.79524,150.324,83.7345,0.1268,0.070631225,0.0417,0.0851,0.023228,0.047403,0.023228,401.985,
MOF_net-bcs_node1-N19_edge1-E3,MOF_net-bcs_node1-N19_edge1-E3.cif,6.69596,3.90456,5.80827,1.03687,1195.71,1153.19,0.2791,0.269175499,0.2728,0.0063,0.263099,0.00607596,0.263099,106.086,
MOF_net-bcs_node1-N39_edge1-E10,MOF_net-bcs_node1-N39_edge1-E10.cif,7.17678,4.44487,6.50938,1.00099,1473.6,1472.15,0.3152,0.314888261,0.3152,0.0,0.314888,0.0,0.314888,0.0,
MOF_net-bcs_node1-N46_edge1-E3,MOF_net-bcs_node1-N46_edge1-E3.cif,6.0767,3.8859,6.02396,1.18312,1016.69,859.325,0.1789,0.151210359,0.1756,0.0033,0.148421,0.00278923,0.148421,98.0283,
MOF_net-bcu-b_node1-N76_node2-N76_edge1-E10,MOF_net-bcu-b_node1-N76_node2-N76_edge1-E10.cif,5.14428,4.16183,5.14428,1.07878,1161.78,1076.94,0.3309,0.306735386,0.3309,0.0,0.306736,0.0,0.306736,0.0,
MOF_net-bcu-b_node1-N76_node2-N80_edge1-E10,MOF_net-bcu-b_node1-N76_node2-N80_edge1-E10.cif,6.55956,5.53467,6.5484,1.05072,1512.94,1439.91,0.4517,0.429895691,0.4517,0.0,0.429895,0.0,0.429895,0.0,
MOF_net-bcu-b_node1-N80_node2-N76_edge1-none,MOF_net-bcu-b_node1-N80_node2-N76_edge1-none.cif,5.26706,3.87136,5.26671,1.76189,430.446,244.309,0.1899,0.107781984,0.1899,0.0,0.107782,0.0,0.107782,0.0,
MOF_net-bcu-b_node1-N80_node2-N80_edge1-none,MOF_net-bcu-b_node1-N80_node2-N80_edge1-none.cif,5.98098,4.58168,5.98098,1.83194,572.57,312.548,0.2336,0.127515093,0.2336,0.0,0.127515,0.0,0.127515,0.0,
MOF_net-bcu_node1-N31_edge1-E10,MOF_net-bcu_node1-N31_edge1-E10.cif,6.43836,4.58719,5.51812,1.23678,1434.72,1160.04,0.4052,0.327624962,0.4052,0.0,0.327624,0.0,0.327624,0.0,
MOF_net-bcu_node1-N5_edge1-E2,MOF_net-bcu_node1-N5_edge1-E2.cif,5.72585,4.1998,5.72585,1.09208,1278.47,1170.68,0.3749,0.343289869,0.3749,0.0,0.34329,0.0,0.34329,0.0,
MOF_net-bcu_node1-N80_edge1-none,MOF_net-bcu_node1-N80_edge1-none.cif,5.98098,4.58168,5.98098,1.83194,572.57,312.548,0.2336,0.127515093,0.2336,0.0,0.127515,0.0,0.127515,0.0,
MOF_net-bsn_node1-N49_edge1-none,MOF_net-bsn_node1-N49_edge1-none.cif,4.75715,4.42577,4.73251,1.58034,484.993,306.892,0.1932,0.122252174,0.1932,0.0,0.122252,0.0,0.122252,0.0,
MOF_net-bsn_node1-N52_edge1-none,MOF_net-bsn_node1-N52_edge1-none.cif,5.1499,4.55176,5.13728,2.25083,549.292,244.04,0.2201,0.09778615,0.2201,0.0,0.0977863,0.0,0.0977863,0.0,
MOF_net-bsn_node1-N6_edge1-none,MOF_net-bsn_node1-N6_edge1-none.cif,5.24969,4.35092,5.24969,1.38134,529.414,383.26,0.2253,0.163102495,0.1753,0.05,0.126905,0.0361966,0.126905,112.752,
MOF_net-cag_node1-N42_edge1-none,MOF_net-cag_node1-N42_edge1-none.cif,5.83562,4.24043,5.83562,1.48101,889.679,600.723,0.2464,0.166372948,0.2464,0.0,0.166372,0.0,0.166372,0.0,
MOF_net-cdl_node1-N24_edge1-none,MOF_net-cdl_node1-N24_edge1-none.cif,6.51918,5.85332,6.51918,0.940856,1434.2,1524.35,0.3711,0.394428053,0.3711,0.0,0.394428,0.0,0.394428,0.0,
MOF_net-cml_node1-N38_node2-orgN8_edge1-none,MOF_net-cml_node1-N38_node2-orgN8_edge1-none.cif,6.21916,4.57994,6.21916,1.33188,1010.01,758.335,0.3264,0.245067123,0.3264,0.0,0.245067,0.0,0.245067,0.0,
MOF_net-ctn_node1-N42_node2-orgN22_edge1-none,MOF_net-ctn_node1-N42_node2-orgN22_edge1-none.cif,8.66613,4.81986,8.66308,0.98101,1580.43,1611.02,0.4043,0.412126278,0.4043,0.0,0.412126,0.0,0.412126,0.0,
MOF_net-ctn_node1-N73_node2-orgN8_edge1-none,MOF_net-ctn_node1-N73_node2-orgN8_edge1-none.cif,6.28145,4.62418,6.22254,1.36452,1390.88,1019.32,0.3717,0.272403483,0.3676,0.0041,0.2694,0.00300473,0.2694,31.6737,
MOF_net-dmp_node1-N29_edge1-E10,MOF_net-dmp_node1-N29_edge1-E10.cif,6.99263,4.93827,6.30088,0.979057,1658.51,1693.99,0.4568,0.466571405,0.4568,0.0,0.466572,0.0,0.466572,0.0,
MOF_net-ecn_node1-N22_edge1-none,MOF_net-ecn_node1-N22_edge1-none.cif,5.38239,4.3628,4.70704,1.46934,247.468,168.421,0.2247,0.152925803,0.0691,0.1556,0.0470279,0.105898,0.0470279,984.106,
MOF_net-eea_node1-N20_node2-orgN8_edge1-none,MOF_net-eea_node1-N20_node2-orgN8_edge1-none.cif,8.50503,5.23676,8.50496,1.46045,1475.02,1009.98,0.4437,0.303810469,0.4049,0.0388,0.277243,0.0265672,0.277243,307.362,
MOF_net-eea_node1-N47_node2-orgN8_edge1-none,MOF_net-eea_node1-N47_node2-orgN8_edge1-none.cif,6.60585,5.20117,6.60585,1.75768,732.499,416.742,0.2291,0.130342269,0.1914,0.0377,0.108893,0.0214487,0.108893,408.001,
MOF_net-eea_node1-N49_node2-orgN8_edge1-none,MOF_net-eea_node1-N49_node2-orgN8_edge1-none.cif,6.32696,3.90155,6.1518,1.23001,818.507,665.449,0.3028,0.24617686,0.214,0.0888,0.173983,0.0721947,0.173983,570.969,
MOF_net-fce_node1-N0_edge1-none,MOF_net-fce_node1-N0_edge1-none.cif,15.35815,5.03654,15.35815,1.21714,1259.49,1034.79,0.4021,0.330364625,0.4021,0.0,0.330364,0.0,0.330364,0.0,
MOF_net-flu-e_node1-N38_edge1-none,MOF_net-flu-e_node1-N38_edge1-none.cif,13.73698,4.11016,13.73697,1.29761,1354.19,1043.6,0.452,0.348332704,0.452,0.0,0.348332,0.0,0.348332,0.0,
MOF_net-gar_node1-N42_node2-N69_edge1-none,MOF_net-gar_node1-N42_node2-N69_edge1-none.cif,7.5747,4.7569,7.5747,1.49195,1140.62,764.519,0.2417,0.162002748,0.2417,0.0,0.162003,0.0,0.162003,0.0,
MOF_net-gar_node1-N55_node2-N33_edge1-none,MOF_net-gar_node1-N55_node2-N33_edge1-none.cif,9.23615,6.1796,9.23615,1.06058,1800.96,1698.09,0.4553,0.429293405,0.4553,0.0,0.429292,0.0,0.429292,0.0,
MOF_net-ghw_node1-N85_edge1-E10,MOF_net-ghw_node1-N85_edge1-E10.cif,7.56985,4.47293,7.52396,0.869977,1791.69,2059.46,0.4312,0.495645287,0.4312,0.0,0.495645,0.0,0.495645,0.0,
MOF_net-hcp_node1-N7_edge1-E2,MOF_net-hcp_node1-N7_edge1-E2.cif,6.60127,4.42391,6.60127,2.04645,491.057,239.955,0.2587,0.126414034,0.1414,0.1173,0.0690952,0.0573187,0.0690952,481.994,
MOF_net-hjm_node1-N42_edge1-E5,MOF_net-hjm_node1-N42_edge1-E5.cif,6.34097,4.12192,5.42767,0.989652,1149.9,1161.92,0.2663,0.269084486,0.2663,0.0,0.269084,0.0,0.269084,0.0,
MOF_net-iac_node1-N29_node2-N19_edge1-none,MOF_net-iac_node1-N29_node2-N19_edge1-none.cif,6.24441,4.07724,6.24441,1.48319,1013.81,683.53,0.2656,0.179073484,0.2656,0.0,0.179073,0.0,0.179073,0.0,
MOF_net-iac_node1-N55_node2-N19_edge1-none,MOF_net-iac_node1-N55_node2-N19_edge1-none.cif,6.09208,3.85739,6.09174,1.37254,1021.15,743.981,0.2585,0.188336952,0.2585,0.0,0.188337,0.0,0.188337,0.0,
MOF_net-iac_node1-N55_node2-N49_edge1-none,MOF_net-iac_node1-N55_node2-N49_edge1-none.cif,6.16712,4.1101,6.16712,1.25363,1062.91,847.865,0.2745,0.218964128,0.2745,0.0,0.218964,0.0,0.218964,0.0,
MOF_net-ilc_node1-N22_edge1-E7,MOF_net-ilc_node1-N22_edge1-E7.cif,6.10218,4.17016,6.10218,0.956199,1131.44,1183.27,0.3065,0.320539971,0.3065,0.0,0.32054,0.0,0.32054,0.0,
MOF_net-ilc_node1-N34_edge1-E3,MOF_net-ilc_node1-N34_edge1-E3.cif,5.26815,3.91878,5.21498,1.26908,837.504,659.929,0.2416,0.190374129,0.2416,0.0,0.190374,0.0,0.190374,0.0,
MOF_net-ilc_node1-N5_edge1-E4,MOF_net-ilc_node1-N5_edge1-E4.cif,7.37477,5.00075,7.37477,0.897869,1573.32,1752.28,0.4211,0.468999375,0.4211,0.0,0.468999,0.0,0.468999,0.0,
MOF_net-ilc_node1-N60_edge1-E3,MOF_net-ilc_node1-N60_edge1-E3.cif,5.39753,3.76861,5.39753,1.28805,811.482,630.008,0.2363,0.183455611,0.2363,0.0,0.183456,0.0,0.183456,0.0,
MOF_net-ilc_node1-N77_edge1-E7,MOF_net-ilc_node1-N77_edge1-E7.cif,6.94366,4.09381,6.94366,0.839926,1220.34,1452.91,0.3426,0.407893076,0.3426,0.0,0.407893,0.0,0.407893,0.0,
MOF_net-ilc_node1-N84_edge1-E0,MOF_net-ilc_node1-N84_edge1-E0.cif,8.01768,4.70219,8.01731,0.871696,1379.91,1583.02,0.3494,0.400827812,0.3494,0.0,0.400828,0.0,0.400828,0.0,
MOF_net-ilc_node1-N84_edge1-E3,MOF_net-ilc_node1-N84_edge1-E3.cif,5.71928,4.04812,5.71325,1.30105,853.406,655.934,0.2416,0.185696168,0.2416,0.0,0.185696,0.0,0.185696,0.0,
MOF_net-kag_node1-N17_edge1-none,MOF_net-kag_node1-N17_edge1-none.cif,8.77042,7.58772,8.76447,1.05668,1484.24,1404.62,0.5056,0.478479767,0.5056,0.0,0.478478,0.0,0.478478,0.0,
MOF_net-kag_node1-N39_edge1-none,MOF_net-kag_node1-N39_edge1-none.cif,7.06459,5.34361,7.06459,1.18423,1235.6,1043.38,0.4039,0.341065502,0.3575,0.0464,0.301884,0.0391816,0.301884,83.549,
MOF_net-lcy-e_node1-N46_edge1-none,MOF_net-lcy-e_node1-N46_edge1-none.cif,9.00396,5.92768,7.7811,1.41224,1429.16,1011.98,0.3675,0.260224891,0.3675,0.0,0.260225,0.0,0.260225,0.0,
MOF_net-lcy_node1-N28_edge1-none,MOF_net-lcy_node1-N28_edge1-none.cif,6.20907,4.91731,6.20907,1.23908,898.527,725.156,0.2701,0.217984311,0.2701,0.0,0.217984,0.0,0.217984,0.0,
MOF_net-lhb_node1-N31_edge1-E10,MOF_net-lhb_node1-N31_edge1-E10.cif,6.52707,3.9768,6.21289,1.24723,1211.71,971.519,0.2728,0.218724694,0.2728,0.0,0.218724,0.0,0.218724,0.0,
MOF_net-lhb_node1-N76_edge1-E10,MOF_net-lhb_node1-N76_edge1-E10.cif,6.37862,4.11191,5.88258,1.09833,1283.32,1168.42,0.2942,0.267861207,0.2942,0.0,0.267861,0.0,0.267861,0.0,
MOF_net-lll_node1-N32_edge1-none,MOF_net-lll_node1-N32_edge1-none.cif,4.26004,3.93807,4.25795,1.6863,281.314,166.823,0.0464,0.027515863,0.0464,0.0,0.0275158,0.0,0.0275158,0.0,
MOF_net-lvt_node1-N57_edge1-none,MOF_net-lvt_node1-N57_edge1-none.cif,5.80836,4.03785,5.79441,1.38593,1611.15,1162.5,0.4141,0.298788539,0.4141,0.0,0.298788,0.0,0.298788,0.0,
MOF_net-mok_node1-N55_edge1-none,MOF_net-mok_node1-N55_edge1-none.cif,4.18306,3.7588,4.12795,1.37317,476.251,346.827,0.1525,0.111056898,0.1525,0.0,0.111057,0.0,0.111057,0.0,
MOF_net-nia_node1-N28_node2-N52_edge1-none,MOF_net-nia_node1-N28_node2-N52_edge1-none.cif,6.35845,3.77121,6.18618,1.54548,930.974,602.384,0.336,0.217408184,0.336,0.0,0.217408,0.0,0.217408,0.0,
MOF_net-nia_node1-N53_node2-N52_edge1-none,MOF_net-nia_node1-N53_node2-N52_edge1-none.cif,5.88173,3.91654,5.87566,1.6315,835.177,511.909,0.2994,0.183512105,0.2994,0.0,0.183513,0.0,0.183513,0.0,
MOF_net-ocu_node1-N13_node2-N76_edge1-E10,MOF_net-ocu_node1-N13_node2-N76_edge1-E10.cif,12.92551,4.37923,12.91992,1.05562,1394.85,1321.36,0.3794,0.359409636,0.3794,0.0,0.35941,0.0,0.35941,0.0,
MOF_net-ocu_node1-N39_node2-N76_edge1-E10,MOF_net-ocu_node1-N39_node2-N76_edge1-E10.cif,12.53998,4.67695,12.53539,0.880532,1600.36,1817.5,0.425,0.482662754,0.425,0.0,0.482663,0.0,0.482663,0.0,
MOF_net-ocu_node1-N45_node2-N76_edge1-E10,MOF_net-ocu_node1-N45_node2-N76_edge1-E10.cif,6.8508,3.92715,6.51639,1.11587,1176.66,1054.47,0.2419,0.216781525,0.2398,0.0021,0.2149,0.00188194,0.2149,57.2672,
MOF_net-ocu_node1-N48_node2-N80_edge1-E10,MOF_net-ocu_node1-N48_node2-N80_edge1-E10.cif,8.44227,4.37857,8.40023,0.98895,1673.56,1692.26,0.3417,0.345517974,0.3417,0.0,0.345518,0.0,0.345518,0.0,
MOF_net-ocu_node1-N69_node2-N76_edge1-none,MOF_net-ocu_node1-N69_node2-N76_edge1-none.cif,6.69966,4.43127,6.68892,1.45358,1227.03,844.141,0.3112,0.214092104,0.3033,0.0079,0.208657,0.00543486,0.208657,80.8944,
MOF_net-oof_node1-N5_edge1-E2,MOF_net-oof_node1-N5_edge1-E2.cif,6.52816,3.9657,6.18419,1.12897,1315.36,1165.1,0.3489,0.309042756,0.3489,0.0,0.309043,0.0,0.309043,0.0,
MOF_net-oof_node1-N5_edge1-E3,MOF_net-oof_node1-N5_edge1-E3.cif,6.94642,5.43725,6.6898,0.927001,1652.92,1783.09,0.4241,0.45749681,0.4241,0.0,0.457497,0.0,0.457497,0.0,
MOF_net-oof_node1-N80_edge1-E10,MOF_net-oof_node1-N80_edge1-E10.cif,7.98306,5.22174,7.62064,1.07416,1574.66,1465.95,0.4426,0.412042899,0.4426,0.0,0.412044,0.0,0.412044,0.0,
MOF_net-pcu_node1-N45_edge1-E10,MOF_net-pcu_node1-N45_edge1-E10.cif,5.21595,3.79349,5.20121,1.26425,542.819,429.362,0.2611,0.206525608,0.1766,0.0845,0.139688,0.0668383,0.139688,166.814,
MOF_net-pcu_node1-N46_edge1-E10,MOF_net-pcu_node1-N46_edge1-E10.cif,7.16096,5.05875,6.45688,1.19469,633.944,530.633,0.391,0.327281554,0.1997,0.1913,0.167156,0.160125,0.167156,399.636,
MOF_net-pcu_node1-N48_edge1-E10,MOF_net-pcu_node1-N48_edge1-E10.cif,6.52418,5.04365,6.12361,1.19144,641.905,538.765,0.3603,0.302407171,0.1972,0.1631,0.165514,0.136893,0.165514,338.491,
MOF_net-pem_node1-N55_edge1-none,MOF_net-pem_node1-N55_edge1-none.cif,5.18681,3.9965,5.0626,1.75392,1030.39,587.478,0.2992,0.170589309,0.2992,0.0,0.17059,0.0,0.17059,0.0,
MOF_net-pry_node1-N28_node2-orgN9_edge1-none,MOF_net-pry_node1-N28_node2-orgN9_edge1-none.cif,5.57329,4.24591,4.88344,0.972215,1462.84,1504.65,0.4136,0.425420303,0.4136,0.0,0.42542,0.0,0.42542,0.0,
MOF_net-pth_node1-N10_node2-N57_edge1-none,MOF_net-pth_node1-N10_node2-N57_edge1-none.cif,5.31248,4.08592,5.07194,1.16673,1406.71,1205.69,0.4139,0.354752171,0.4139,0.0,0.354753,0.0,0.354753,0.0,
MOF_net-pth_node1-N42_node2-N57_edge1-none,MOF_net-pth_node1-N42_node2-N57_edge1-none.cif,5.41928,4.2151,5.41928,1.63249,709.052,434.338,0.2551,0.156264357,0.2048,0.0503,0.125453,0.0308118,0.125453,118.64,
MOF_net-pto_node1-N41_node2-orgN8_edge1-none,MOF_net-pto_node1-N41_node2-orgN8_edge1-none.cif,8.57662,3.75768,8.57662,1.05554,1181.33,1119.17,0.3571,0.338310249,0.3571,0.0,0.338311,0.0,0.338311,0.0,
MOF_net-pyr_node1-N13_node2-orgN9_edge1-none,MOF_net-pyr_node1-N13_node2-orgN9_edge1-none.cif,7.37257,4.0211,7.37257,1.56451,686.339,438.694,0.3093,0.197697682,0.2264,0.0829,0.14471,0.052988,0.14471,260.177,
MOF_net-pyr_node1-N14_node2-orgN11_edge1-none,MOF_net-pyr_node1-N14_node2-orgN11_edge1-none.cif,9.37056,6.09294,8.92984,0.923498,1980.06,2144.09,0.527,0.570656352,0.527,0.0,0.570657,0.0,0.570657,0.0,
MOF_net-pyr_node1-N14_node2-orgN22_edge1-none,MOF_net-pyr_node1-N14_node2-orgN22_edge1-none.cif,9.16745,6.11649,9.16195,0.910278,1935.14,2125.87,0.5197,0.570924487,0.5197,0.0,0.570925,0.0,0.570925,0.0,
MOF_net-pyr_node1-N15_node2-orgN5_edge1-none,MOF_net-pyr_node1-N15_node2-orgN5_edge1-none.cif,10.11856,6.11577,10.07972,0.843925,1965.99,2329.58,0.5563,0.659181799,0.5563,0.0,0.659182,0.0,0.659182,0.0,
MOF_net-pyr_node1-N17_node2-orgN9_edge1-none,MOF_net-pyr_node1-N17_node2-orgN9_edge1-none.cif,8.42652,5.33162,8.42652,0.949109,1867.6,1967.75,0.5035,0.530497551,0.5035,0.0,0.530498,0.0,0.530498,0.0,
MOF_net-pyr_node1-N30_node2-orgN5_edge1-none,MOF_net-pyr_node1-N30_node2-orgN5_edge1-none.cif,10.63471,5.73972,10.56163,0.81864,2307.49,2818.68,0.5953,0.727181667,0.5953,0.0,0.727181,0.0,0.727181,0.0,
MOF_net-pyr_node1-N30_node2-orgN9_edge1-none,MOF_net-pyr_node1-N30_node2-orgN9_edge1-none.cif,7.97666,5.09247,7.97666,1.02677,1688.76,1644.73,0.4698,0.45755135,0.4698,0.0,0.457549,0.0,0.457549,0.0,
MOF_net-pyr_node1-N36_node2-orgN8_edge1-none,MOF_net-pyr_node1-N36_node2-orgN8_edge1-none.cif,7.90895,4.30625,7.786,1.26381,1321.13,1045.36,0.3764,0.297829579,0.3764,0.0,0.297831,0.0,0.297831,0.0,
MOF_net-pyr_node1-N39_node2-orgN5_edge1-none,MOF_net-pyr_node1-N39_node2-orgN5_edge1-none.cif,6.77118,5.14889,6.77118,0.801664,2160.2,2694.64,0.5339,0.665989741,0.5339,0.0,0.66599,0.0,0.66599,0.0,
MOF_net-pyr_node1-N69_node2-orgN11_edge1-none,MOF_net-pyr_node1-N69_node2-orgN11_edge1-none.cif,9.87631,6.44498,9.87631,0.929237,1890.56,2034.53,0.5435,0.584888462,0.5435,0.0,0.584889,0.0,0.584889,0.0,
MOF_net-pyr_node1-N69_node2-orgN8_edge1-none,MOF_net-pyr_node1-N69_node2-orgN8_edge1-none.cif,7.61281,5.01405,7.50273,1.30535,1451.49,1111.96,0.3955,0.302983874,0.3955,0.0,0.302983,0.0,0.302983,0.0,
MOF_net-pyr_node1-N70_node2-orgN11_edge1-none,MOF_net-pyr_node1-N70_node2-orgN11_edge1-none.cif,10.23556,6.74337,10.23556,0.87333,1949.45,2232.2,0.5658,0.647865068,0.5658,0.0,0.647865,0.0,0.647865,0.0,
MOF_net-pyr_node1-N70_node2-orgN22_edge1-none,MOF_net-pyr_node1-N70_node2-orgN22_edge1-none.cif,10.25321,7.12484,10.25321,0.843987,1963.47,2326.42,0.5686,0.673707059,0.5686,0.0,0.673707,0.0,0.673707,0.0,
MOF_net-pyr_node1-N70_node2-orgN5_edge1-none,MOF_net-pyr_node1-N70_node2-orgN5_edge1-none.cif,11.09497,6.48416,11.05552,0.862561,1914.77,2219.86,0.5672,0.657576682,0.5672,0.0,0.657577,0.0,0.657577,0.0,
MOF_net-qtz-e_node1-N17_edge1-none,MOF_net-qtz-e_node1-N17_edge1-none.cif,6.20845,4.22284,6.20845,1.47539,1427.0,967.199,0.3733,0.253017846,0.3733,0.0,0.253018,0.0,0.253018,0.0,
MOF_net-qtz-e_node1-N69_edge1-none,MOF_net-qtz-e_node1-N69_edge1-none.cif,6.86681,4.82478,6.67583,1.49878,1528.0,1019.49,0.4203,0.280428082,0.4203,0.0,0.280429,0.0,0.280429,0.0,
MOF_net-qtz-x_node1-N30_edge1-E3,MOF_net-qtz-x_node1-N30_edge1-E3.cif,7.10312,3.82323,7.10312,1.05372,1153.81,1094.98,0.3463,0.328645181,0.3463,0.0,0.328644,0.0,0.328644,0.0,
MOF_net-qtz-x_node1-N53_edge1-E2,MOF_net-qtz-x_node1-N53_edge1-E2.cif,5.471,4.57118,5.471,1.21731,1028.32,844.751,0.3134,0.257452908,0.3134,0.0,0.257453,0.0,0.257453,0.0,
MOF_net-qtz-x_node1-N58_edge1-E13,MOF_net-qtz-x_node1-N58_edge1-E13.cif,15.50832,10.44306,15.50832,0.350354,1855.09,5294.92,0.8283,2.364180229,0.8283,0.0,2.36418,0.0,2.36418,0.0,
MOF_net-qtz-x_node1-N58_edge1-E3,MOF_net-qtz-x_node1-N58_edge1-E3.cif,7.66297,3.86701,7.66297,1.06813,1184.66,1109.1,0.3533,0.330764982,0.3533,0.0,0.330766,0.0,0.330766,0.0,
MOF_net-qtz-x_node1-N6_edge1-none,MOF_net-qtz-x_node1-N6_edge1-none.cif,5.43162,4.23469,5.43162,1.4509,962.17,663.156,0.3583,0.246950169,0.3583,0.0,0.246951,0.0,0.246951,0.0,
MOF_net-rob_node1-N14_edge1-E10,MOF_net-rob_node1-N14_edge1-E10.cif,6.28391,4.89191,6.28391,1.16137,1519.74,1308.57,0.4184,0.360264171,0.414,0.0044,0.356474,0.00378862,0.356474,28.7524,
MOF_net-rob_node1-N14_edge1-E2,MOF_net-rob_node1-N14_edge1-E2.cif,7.07806,4.12353,6.32699,1.13049,1466.94,1297.61,0.4027,0.356217216,0.3977,0.005,0.351795,0.00442287,0.351795,33.3899,
MOF_net-rob_node1-N39_edge1-E10,MOF_net-rob_node1-N39_edge1-E10.cif,5.73796,4.12615,5.5227,1.09019,1168.66,1071.98,0.3437,0.315266146,0.3437,0.0,0.315265,0.0,0.315265,0.0,
MOF_net-rob_node1-N43_edge1-E6,MOF_net-rob_node1-N43_edge1-E6.cif,7.88692,3.97013,7.83853,1.18987,1315.62,1105.68,0.3658,0.307428543,0.3658,0.0,0.307429,0.0,0.307429,0.0,
MOF_net-rob_node1-N44_edge1-E10,MOF_net-rob_node1-N44_edge1-E10.cif,6.76374,3.96744,5.89041,1.5832,231.364,146.137,0.2109,0.133211218,0.0698,0.1411,0.0440878,0.089123,0.0440878,887.743,
MOF_net-rob_node1-N45_edge1-E5,MOF_net-rob_node1-N45_edge1-E5.cif,8.50095,4.05311,7.92871,1.08687,1352.36,1244.27,0.3557,0.327270051,0.3557,0.0,0.327271,0.0,0.327271,0.0,
MOF_net-rob_node1-N48_edge1-E2,MOF_net-rob_node1-N48_edge1-E2.cif,6.60041,3.89262,6.28983,1.54623,470.945,304.576,0.2503,0.161877599,0.1226,0.1277,0.0792896,0.0825879,0.0792896,813.563,
MOF_net-rob_node1-N53_edge1-E10,MOF_net-rob_node1-N53_edge1-E10.cif,5.58323,4.53184,5.50547,1.18982,1110.07,932.972,0.3404,0.286093695,0.3404,0.0,0.286093,0.0,0.286093,0.0,
MOF_net-rob_node1-N53_edge1-E2,MOF_net-rob_node1-N53_edge1-E2.cif,5.71122,3.97037,5.42546,1.15169,983.905,854.315,0.2993,0.25987896,0.2993,0.0,0.259879,0.0,0.259879,0.0,
MOF_net-rtl_node1-N44_node2-orgN11_edge1-none,MOF_net-rtl_node1-N44_node2-orgN11_edge1-none.cif,6.50187,4.00781,6.32338,1.19496,869.015,727.231,0.2627,0.219839995,0.2403,0.0224,0.201094,0.0187453,0.201094,80.7679,
MOF_net-rtl_node1-N46_node2-orgN11_edge1-none,MOF_net-rtl_node1-N46_node2-orgN11_edge1-none.cif,6.47097,3.9687,6.36062,1.20059,854.386,711.638,0.2617,0.217976162,0.2392,0.0225,0.199235,0.0187408,0.199235,80.9568,
MOF_net-rtl_node1-N48_node2-orgN11_edge1-none,MOF_net-rtl_node1-N48_node2-orgN11_edge1-none.cif,6.41764,3.91444,6.40106,1.19394,837.808,701.715,0.2529,0.211819689,0.2379,0.015,0.199256,0.0125634,0.199256,53.6907,
MOF_net-ske_node1-N33_edge1-none,MOF_net-ske_node1-N33_edge1-none.cif,5.0779,4.50701,4.99706,1.2726,627.818,493.336,0.2071,0.162737702,0.1481,0.059,0.116376,0.0463619,0.116376,443.547,
MOF_net-ske_node1-N36_edge1-none,MOF_net-ske_node1-N36_edge1-none.cif,5.13385,4.55009,5.13385,1.32345,221.203,167.141,0.1654,0.124976387,0.0511,0.1143,0.0386112,0.0863651,0.0386112,838.39,
MOF_net-ske_node1-N70_edge1-none,MOF_net-ske_node1-N70_edge1-none.cif,4.74285,4.04143,4.59847,1.35254,201.056,148.651,0.1368,0.101143035,0.0438,0.093,0.0323835,0.0687595,0.0323835,670.544,
MOF_net-sma_node1-N15_edge1-none,MOF_net-sma_node1-N15_edge1-none.cif,8.27912,7.75403,8.14669,1.33303,1344.31,1008.46,0.4573,0.343053045,0.4573,0.0,0.343052,0.0,0.343052,0.0,
MOF_net-sma_node1-N16_edge1-none,MOF_net-sma_node1-N16_edge1-none.cif,8.33931,7.83442,8.33931,1.2701,1345.97,1059.74,0.4647,0.365876703,0.4647,0.0,0.365878,0.0,0.365878,0.0,
MOF_net-sma_node1-N17_edge1-none,MOF_net-sma_node1-N17_edge1-none.cif,8.32513,7.8142,8.19404,1.23032,1337.39,1087.03,0.4554,0.370147604,0.4554,0.0,0.370148,0.0,0.370148,0.0,
MOF_net-sma_node1-N30_edge1-none,MOF_net-sma_node1-N30_edge1-none.cif,8.37733,7.83052,8.37733,1.29761,1320.54,1017.67,0.465,0.358351122,0.465,0.0,0.358351,0.0,0.358351,0.0,
MOF_net-sma_node1-N69_edge1-none,MOF_net-sma_node1-N69_edge1-none.cif,8.07467,7.46857,8.05523,1.44789,1370.12,946.282,0.4478,0.309277638,0.4478,0.0,0.309277,0.0,0.309277,0.0,
MOF_net-sma_node1-N6_edge1-none,MOF_net-sma_node1-N6_edge1-none.cif,6.48028,5.92874,6.48028,1.72154,962.289,558.969,0.3215,0.186751397,0.3215,0.0,0.186751,0.0,0.186751,0.0,
MOF_net-smc_node1-N17_edge1-none,MOF_net-smc_node1-N17_edge1-none.cif,8.73135,3.7458,8.73135,1.11981,1600.0,1428.82,0.3963,0.353899322,0.3963,0.0,0.3539,0.0,0.3539,0.0,
MOF_net-sml_node1-N39_edge1-none,MOF_net-sml_node1-N39_edge1-none.cif,5.05511,4.86941,5.05511,1.24643,423.801,340.014,0.2048,0.164309267,0.1119,0.0929,0.0897767,0.0745331,0.0897767,317.862,
MOF_net-sml_node1-N6_edge1-none,MOF_net-sml_node1-N6_edge1-none.cif,4.31943,4.09046,4.31943,2.36095,323.408,136.982,0.0904,0.038289672,0.0904,0.0,0.0382896,0.0,0.0382896,0.0,
MOF_net-smu_node1-N52_edge1-none,MOF_net-smu_node1-N52_edge1-none.cif,6.20099,4.16415,6.20099,2.30928,708.58,306.84,0.2758,0.119431165,0.2479,0.0279,0.10735,0.0120817,0.10735,55.3984,
MOF_net-sne_node1-N38_edge1-none,MOF_net-sne_node1-N38_edge1-none.cif,5.65786,4.09536,5.65786,1.6232,894.827,551.274,0.261,0.160793494,0.261,0.0,0.160794,0.0,0.160794,0.0,
MOF_net-snk_node1-N12_edge1-E6,MOF_net-snk_node1-N12_edge1-E6.cif,9.70677,8.19878,9.65685,0.616254,2634.54,4275.09,0.7386,1.198531774,0.7386,0.0,1.19853,0.0,1.19853,0.0,
MOF_net-snk_node1-N28_edge1-none,MOF_net-snk_node1-N28_edge1-none.cif,7.19739,6.1685,7.18297,1.16435,1572.4,1350.45,0.4599,0.394984326,0.4599,0.0,0.394985,0.0,0.394985,0.0,
MOF_net-snk_node1-N39_edge1-none,MOF_net-snk_node1-N39_edge1-none.cif,5.92129,4.88734,5.9199,1.22865,708.815,576.903,0.3283,0.267203842,0.1998,0.1285,0.162617,0.104586,0.162617,594.704,
MOF_net-snk_node1-N45_edge1-E10,MOF_net-snk_node1-N45_edge1-E10.cif,7.17106,4.60606,6.4622,1.29611,776.101,598.79,0.2571,0.198362793,0.1897,0.0674,0.146361,0.0520016,0.146361,1038.28,
MOF_net-snk_node1-N6_edge1-none,MOF_net-snk_node1-N6_edge1-none.cif,6.09602,5.63816,6.09602,1.32183,957.953,724.715,0.2742,0.207439686,0.2742,0.0,0.207439,0.0,0.207439,0.0,
MOF_net-snl_node1-N16_edge1-none,MOF_net-snl_node1-N16_edge1-none.cif,6.7733,4.02981,6.7733,1.65119,698.732,423.168,0.1827,0.110647472,0.1827,0.0,0.110647,0.0,0.110647,0.0,
MOF_net-snl_node1-N33_edge1-none,MOF_net-snl_node1-N33_edge1-none.cif,6.59369,3.96976,6.59358,1.70259,655.81,385.183,0.1904,0.111829624,0.1809,0.0095,0.10625,0.00557972,0.10625,106.763,
MOF_net-snl_node1-N49_edge1-none,MOF_net-snl_node1-N49_edge1-none.cif,5.91649,4.14036,5.48044,1.46128,477.08,326.48,0.2136,0.146173218,0.1608,0.0528,0.11004,0.0361326,0.11004,323.488,
MOF_net-snp_node1-N44_edge1-E5,MOF_net-snp_node1-N44_edge1-E5.cif,6.00359,4.39678,5.93483,1.89166,694.698,367.243,0.1794,0.094837339,0.1794,0.0,0.0948375,0.0,0.0948375,0.0,
MOF_net-snw_node1-N38_edge1-none,MOF_net-snw_node1-N38_edge1-none.cif,5.28907,4.28795,5.24959,1.5561,574.981,369.501,0.3131,0.201208149,0.2095,0.1036,0.134631,0.0665767,0.134631,395.858,
MOF_net-snx_node1-N38_edge1-none,MOF_net-snx_node1-N38_edge1-none.cif,6.36901,3.88305,5.70175,1.48801,1038.49,697.904,0.3392,0.227955457,0.3392,0.0,0.227955,0.0,0.227955,0.0,
MOF_net-soc_node1-N24_node2-N69_edge1-none,MOF_net-soc_node1-N24_node2-N69_edge1-none.cif,9.04788,4.4739,8.70321,1.24714,1575.4,1263.22,0.4131,0.331237872,0.3976,0.0155,0.318811,0.0124285,0.318811,193.14,
MOF_net-soh_node1-N86_edge1-none,MOF_net-soh_node1-N86_edge1-none.cif,10.3133,4.68056,10.3133,0.78685,2025.41,2574.08,0.4715,0.599224757,0.4715,0.0,0.599225,0.0,0.599225,0.0,
MOF_net-som_node1-N49_edge1-none,MOF_net-som_node1-N49_edge1-none.cif,6.15192,3.832,6.1518,1.4917,301.033,201.805,0.1303,0.087350003,0.0862,0.0441,0.0577863,0.0295635,0.0577863,529.353,
MOF_net-som_node1-N52_edge1-none,MOF_net-som_node1-N52_edge1-none.cif,4.83025,4.56285,4.81943,2.28804,221.907,96.9855,0.0653,0.028539711,0.0653,0.0,0.0285397,0.0,0.0285397,0.0,
MOF_net-ssc_node1-N18_node2-orgN10_edge1-E5,MOF_net-ssc_node1-N18_node2-orgN10_edge1-E5.cif,7.31773,3.8682,7.31773,0.948918,962.562,1014.38,0.2171,0.228786892,0.2126,0.0045,0.224045,0.00474224,0.224045,90.9753,
MOF_net-svc_node1-N32_edge1-none,MOF_net-svc_node1-N32_edge1-none.cif,5.7539,3.814,5.19878,1.16329,408.144,350.853,0.2473,0.212586715,0.0923,0.155,0.0793439,0.133243,0.0793439,1724.07,
MOF_net-swe_node1-N32_edge1-none,MOF_net-swe_node1-N32_edge1-none.cif,7.50378,6.92042,7.50378,1.38755,560.541,403.979,0.1803,0.129941263,0.1803,0.0,0.129941,0.0,0.129941,0.0,
MOF_net-sxc_node1-N44_edge1-E2,MOF_net-sxc_node1-N44_edge1-E2.cif,6.76822,4.46113,5.7242,1.1006,1244.19,1130.47,0.3196,0.290387062,0.3196,0.0,0.290386,0.0,0.290386,0.0,
MOF_net-sxc_node1-N48_edge1-E10,MOF_net-sxc_node1-N48_edge1-E10.cif,6.23698,3.80669,6.23698,1.13237,1069.84,944.778,0.2789,0.246297588,0.2789,0.0,0.246297,0.0,0.246297,0.0,
MOF_net-uke_node1-N29_edge1-none,MOF_net-uke_node1-N29_edge1-none.cif,7.38415,3.93884,7.38414,1.36107,1391.03,1022.01,0.3565,0.261926279,0.3565,0.0,0.261925,0.0,0.261925,0.0,
MOF_net-uke_node1-N55_edge1-none,MOF_net-uke_node1-N55_edge1-none.cif,8.14534,3.75474,8.14534,1.06718,1438.28,1347.74,0.4276,0.400682172,0.4276,0.0,0.400681,0.0,0.400681,0.0,
MOF_net-ukj_node1-N54_edge1-none,MOF_net-ukj_node1-N54_edge1-none.cif,5.84265,4.34356,5.2964,0.794929,580.808,730.641,0.2564,0.322544529,0.1203,0.1361,0.151334,0.17121,0.151334,1822.63,
MOF_net-ukl_node1-N41_edge1-E10,MOF_net-ukl_node1-N41_edge1-E10.cif,7.87008,4.52003,7.64783,1.08589,1143.58,1053.13,0.2629,0.242105554,0.2629,0.0,0.242105,0.0,0.242105,0.0,
MOF_net-ukl_node1-N41_edge1-E2,MOF_net-ukl_node1-N41_edge1-E2.cif,8.2398,4.52801,5.81565,1.05874,1245.16,1176.08,0.2737,0.258514838,0.2737,0.0,0.258515,0.0,0.258515,0.0,
MOF_net-uku_node1-N4_edge1-none,MOF_net-uku_node1-N4_edge1-none.cif,6.53879,4.10824,6.53879,1.38645,888.311,640.71,0.2326,0.167766598,0.2159,0.0167,0.155722,0.0120452,0.155722,150.325,
MOF_net-uop_node1-N29_edge1-none,MOF_net-uop_node1-N29_edge1-none.cif,5.42211,3.90838,5.42211,1.45379,311.647,214.369,0.1632,0.112258304,0.1013,0.0619,0.0696799,0.0425783,0.0696799,246.771,
MOF_net-uoy_node1-N42_edge1-none,MOF_net-uoy_node1-N42_edge1-none.cif,5.09798,4.41467,4.65662,1.61002,703.042,436.667,0.192,0.119253177,0.192,0.0,0.119253,0.0,0.119253,0.0,
MOF_net-upa_node1-N10_edge1-none,MOF_net-upa_node1-N10_edge1-none.cif,8.68111,4.32654,8.68111,0.990333,1355.32,1368.55,0.4388,0.443083286,0.4388,0.0,0.443083,0.0,0.443083,0.0,
MOF_net-upa_node1-N74_edge1-none,MOF_net-upa_node1-N74_edge1-none.cif,6.76161,4.53053,6.7615,1.7936,1312.09,731.541,0.3884,0.216547725,0.3884,0.0,0.216548,0.0,0.216548,0.0,
MOF_net-upb_node1-N42_edge1-none,MOF_net-upb_node1-N42_edge1-none.cif,6.78829,3.84615,6.78324,2.12533,322.46,151.722,0.1102,0.051850771,0.1102,0.0,0.0518507,0.0,0.0518507,0.0,
MOF_net-upc_node1-N29_edge1-none,MOF_net-upc_node1-N29_edge1-none.cif,7.03579,5.92003,7.03579,1.68928,952.774,564.012,0.2973,0.175992139,0.2973,0.0,0.175992,0.0,0.175992,0.0,
MOF_net-upc_node1-N57_edge1-none,MOF_net-upc_node1-N57_edge1-none.cif,8.71645,4.22347,8.71645,1.74331,933.962,535.739,0.3084,0.176904853,0.3084,0.0,0.176904,0.0,0.176904,0.0,
MOF_net-upd_node1-N24_edge1-none,MOF_net-upd_node1-N24_edge1-none.cif,7.32974,5.62413,7.32299,0.79921,1947.15,2436.34,0.4411,0.551920021,0.4358,0.0053,0.545288,0.00663155,0.545288,100.678,
MOF_net-ure_node1-N42_edge1-E10,MOF_net-ure_node1-N42_edge1-E10.cif,6.44085,4.28222,6.17397,1.63643,718.491,439.061,0.1726,0.1054735,0.1726,0.0,0.105474,0.0,0.105474,0.0,
MOF_net-ure_node1-N42_edge1-E2,MOF_net-ure_node1-N42_edge1-E2.cif,7.01775,4.81787,6.70346,1.58686,770.774,485.724,0.1879,0.118409942,0.1879,0.0,0.11841,0.0,0.11841,0.0,
MOF_net-vba_node1-N29_edge1-none,MOF_net-vba_node1-N29_edge1-none.cif,5.04179,4.1698,4.75988,1.56602,662.72,423.189,0.2385,0.152296906,0.1549,0.0836,0.0989135,0.0533839,0.0989135,825.058,
MOF_net-vba_node1-N73_edge1-none,MOF_net-vba_node1-N73_edge1-none.cif,4.97349,4.26427,4.80571,1.76739,642.454,363.503,0.2104,0.119045598,0.1628,0.0476,0.092113,0.0269323,0.092113,573.671,
MOF_net-vbc_node1-N0_edge1-none,MOF_net-vbc_node1-N0_edge1-none.cif,7.83199,5.90866,7.83199,0.959241,1647.99,1718.02,0.4786,0.498936138,0.4786,0.0,0.498936,0.0,0.498936,0.0,
MOF_net-vbp_node1-N38_edge1-none,MOF_net-vbp_node1-N38_edge1-none.cif,6.69466,4.07254,6.69372,1.48934,1253.34,841.539,0.3221,0.216270294,0.3221,0.0,0.21627,0.0,0.21627,0.0,
MOF_net-vbv_node1-N38_edge1-none,MOF_net-vbv_node1-N38_edge1-none.cif,8.5464,3.79288,8.14364,1.45078,570.27,393.077,0.3492,0.240698107,0.168,0.1812,0.115799,0.124898,0.115799,1485.26,
MOF_net-vby_node1-N16_edge1-none,MOF_net-vby_node1-N16_edge1-none.cif,5.56576,4.02066,4.57347,1.16289,397.301,341.65,0.2491,0.214207707,0.1052,0.1439,0.0904643,0.123743,0.0904643,1147.51,
MOF_net-vby_node1-N17_edge1-none,MOF_net-vby_node1-N17_edge1-none.cif,5.71175,4.05209,4.70736,1.12604,424.226,376.741,0.288,0.255763561,0.1236,0.1644,0.109765,0.145998,0.109765,1346.12,
MOF_net-vby_node1-N36_edge1-none,MOF_net-vby_node1-N36_edge1-none.cif,5.41068,3.91536,4.41032,1.26939,252.901,199.23,0.2279,0.179535052,0.0654,0.1625,0.0515207,0.128014,0.0515207,1242.7,
MOF_net-vby_node1-N58_edge1-none,MOF_net-vby_node1-N58_edge1-none.cif,5.81496,3.77466,4.77179,1.2179,386.205,317.106,0.2727,0.223910009,0.1055,0.1672,0.0866242,0.137285,0.0866242,1326.11,
MOF_net-vcc_node1-N39_edge1-none,MOF_net-vcc_node1-N39_edge1-none.cif,6.56926,4.62802,5.09548,1.17461,1232.31,1049.12,0.2796,0.238036455,0.2759,0.0037,0.234886,0.00314998,0.234886,71.6465,
MOF_net-vck_node1-N32_edge1-none,MOF_net-vck_node1-N32_edge1-none.cif,6.01317,4.46184,5.82224,1.10012,1538.84,1398.79,0.3956,0.359597135,0.3956,0.0,0.359596,0.0,0.359596,0.0,
MOF_net-vda_node1-N81_edge1-none,MOF_net-vda_node1-N81_edge1-none.cif,5.67821,4.13336,5.67821,1.83053,421.231,230.114,0.1769,0.096638678,0.0955,0.0814,0.0521707,0.044468,0.0521707,1279.78,
MOF_net-wfx_node1-N32_edge1-none,MOF_net-wfx_node1-N32_edge1-none.cif,7.18283,4.69345,7.15777,1.13743,1510.32,1327.83,0.3988,0.350614983,0.3988,0.0,0.350614,0.0,0.350614,0.0,
MOF_net-wfy_node1-N32_edge1-none,MOF_net-wfy_node1-N32_edge1-none.cif,6.75092,3.80721,6.75092,1.15027,1434.59,1247.18,0.3738,0.324967182,0.3738,0.0,0.324967,0.0,0.324967,0.0,
MOF_net-wgp_node1-N0_edge1-none,MOF_net-wgp_node1-N0_edge1-none.cif,6.24817,5.86168,6.2481,1.07328,1627.27,1516.17,0.3764,0.350700656,0.3764,0.0,0.350702,0.0,0.350702,0.0,
MOF_net-wgp_node1-N86_edge1-none,MOF_net-wgp_node1-N86_edge1-none.cif,6.02631,4.81494,6.01447,1.06503,1241.28,1165.5,0.299,0.280743265,0.299,0.0,0.280744,0.0,0.280744,0.0,
MOF_net-whj_node1-N38_edge1-none,MOF_net-whj_node1-N38_edge1-none.cif,8.90652,3.90235,8.76433,1.49823,1129.03,753.577,0.3234,0.215854709,0.3234,0.0,0.215855,0.0,0.215855,0.0,
MOF_net-whk_node1-N49_edge1-none,MOF_net-whk_node1-N49_edge1-none.cif,7.01605,3.82018,7.01605,1.43993,862.384,598.906,0.2494,0.173202864,0.2494,0.0,0.173203,0.0,0.173203,0.0,
MOF_net-whk_node1-N61_edge1-none,MOF_net-whk_node1-N61_edge1-none.cif,10.07656,3.94871,9.91981,1.28135,1180.59,921.367,0.3808,0.297186561,0.3808,0.0,0.297186,0.0,0.297186,0.0,
MOF_net-whr_node1-N38_edge1-none,MOF_net-whr_node1-N38_edge1-none.cif,6.77257,5.08668,6.77257,1.54217,1116.1,723.719,0.2777,0.180070939,0.2733,0.0044,0.177217,0.00285312,0.177217,33.9287,
MOF_net-wht_node1-N38_edge1-none,MOF_net-wht_node1-N38_edge1-none.cif,5.49196,3.75913,5.49196,1.5199,1124.08,739.572,0.3496,0.230015133,0.3496,0.0,0.230015,0.0,0.230015,0.0,
MOF_net-whz_node1-N39_edge1-none,MOF_net-whz_node1-N39_edge1-none.cif,6.79941,4.72272,6.7991,1.15644,1310.42,1133.14,0.3426,0.296254021,0.3149,0.0277,0.2723,0.0239528,0.2723,272.404,
MOF_net-wio_node1-N13_edge1-none,MOF_net-wio_node1-N13_edge1-none.cif,6.59311,4.59869,6.59303,2.03716,1321.88,648.884,0.3178,0.156001492,0.3178,0.0,0.156002,0.0,0.156002,0.0,
MOF_net-wir_node1-N28_edge1-none,MOF_net-wir_node1-N28_edge1-none.cif,7.00311,3.90083,6.99743,0.967747,1820.17,1880.84,0.3604,0.372411384,0.3505,0.0099,0.362181,0.0102299,0.362181,251.685,
MOF_net-wir_node1-N39_edge1-none,MOF_net-wir_node1-N39_edge1-none.cif,6.59985,4.8872,6.59985,1.11569,1332.94,1194.72,0.2799,0.250876139,0.2799,0.0,0.250876,0.0,0.250876,0.0,
MOF_net-wiv_node1-N44_edge1-E3,MOF_net-wiv_node1-N44_edge1-E3.cif,6.77017,4.81244,6.5733,1.28241,1145.49,893.234,0.2357,0.183794574,0.2308,0.0049,0.179973,0.00382093,0.179973,133.948,
MOF_net-wjd_node1-N45_edge1-none,MOF_net-wjd_node1-N45_edge1-none.cif,7.24955,4.0966,6.15485,2.01721,808.575,400.839,0.2182,0.108169204,0.2182,0.0,0.108169,0.0,0.108169,0.0,
MOF_net-wjd_node1-N47_edge1-none,MOF_net-wjd_node1-N47_edge1-none.cif,7.32523,4.14088,6.16006,1.96672,823.003,418.465,0.2227,0.113234217,0.2227,0.0,0.113234,0.0,0.113234,0.0,
MOF_net-wjd_node1-N49_edge1-none,MOF_net-wjd_node1-N49_edge1-none.cif,9.34994,3.89734,7.7913,1.44576,931.453,644.267,0.3263,0.225694444,0.318,0.0083,0.219954,0.00574094,0.219954,38.5481,
MOF_net-wjv_node1-N86_edge1-none,MOF_net-wjv_node1-N86_edge1-none.cif,5.92965,3.82145,4.65133,0.984691,542.709,551.146,0.2035,0.206663816,0.1221,0.0814,0.123998,0.0826655,0.123998,591.664,
MOF_net-wkf_node1-N20_edge1-none,MOF_net-wkf_node1-N20_edge1-none.cif,6.04315,5.20603,6.04315,2.07568,863.139,415.835,0.2646,0.127476297,0.2462,0.0184,0.118612,0.00886458,0.118612,102.787,
MOF_net-wmc_node1-N28_edge1-none,MOF_net-wmc_node1-N28_edge1-none.cif,4.77182,4.31482,4.77127,1.40417,634.908,452.159,0.1481,0.10547156,0.1481,0.0,0.105472,0.0,0.105472,0.0,
MOF_net-wme_node1-N12_edge1-none,MOF_net-wme_node1-N12_edge1-none.cif,7.95858,5.49033,7.53664,1.32339,1773.55,1340.16,0.4565,0.344947446,0.4565,0.0,0.344947,0.0,0.344947,0.0,
MOF_net-wme_node1-N30_edge1-none,MOF_net-wme_node1-N30_edge1-none.cif,13.1933,3.82802,12.83337,1.19134,1268.0,1064.34,0.4961,0.416421844,0.4639,0.0322,0.389392,0.0270283,0.389392,379.552,
MOF_net-wme_node1-N43_edge1-none,MOF_net-wme_node1-N43_edge1-none.cif,7.41366,4.10618,5.9776,2.05576,729.267,354.742,0.1904,0.092617815,0.1904,0.0,0.0926176,0.0,0.0926176,0.0,
MOF_net-wme_node1-N58_edge1-none,MOF_net-wme_node1-N58_edge1-none.cif,8.07891,5.2864,7.88083,1.22058,1789.35,1465.98,0.4733,0.387766472,0.4733,0.0,0.387765,0.0,0.387765,0.0,
MOF_net-wmi_node1-N15_edge1-none,MOF_net-wmi_node1-N15_edge1-none.cif,8.46256,5.35188,8.46256,1.16118,1462.15,1259.19,0.4362,0.375652354,0.4053,0.0309,0.349041,0.0266108,0.349041,570.271,
MOF_net-wmi_node1-N17_edge1-none,MOF_net-wmi_node1-N17_edge1-none.cif,8.87999,5.2316,8.87946,1.06986,1457.13,1361.98,0.4469,0.417718206,0.4047,0.0422,0.378273,0.0394443,0.378273,818.284,
MOF_net-wmi_node1-N33_edge1-none,MOF_net-wmi_node1-N33_edge1-none.cif,9.19026,5.00497,9.18962,1.15812,1439.99,1243.39,0.4405,0.380357821,0.3983,0.0422,0.343919,0.0364383,0.343919,784.368,
MOF_net-wmi_node1-N36_edge1-none,MOF_net-wmi_node1-N36_edge1-none.cif,8.51552,5.20976,8.50936,1.20814,1469.19,1216.08,0.4326,0.358071084,0.4031,0.0295,0.333655,0.0244178,0.333655,533.331,
MOF_net-wna_node1-N12_edge1-none,MOF_net-wna_node1-N12_edge1-none.cif,8.22151,6.83409,8.19302,1.26047,1798.22,1426.62,0.4235,0.335985783,0.4235,0.0,0.335986,0.0,0.335986,0.0,
MOF_net-wna_node1-N13_edge1-none,MOF_net-wna_node1-N13_edge1-none.cif,6.89859,4.11663,6.61411,2.14494,946.317,441.185,0.2262,0.105457495,0.2262,0.0,0.105457,0.0,0.105457,0.0,
MOF_net-wna_node1-N17_edge1-none,MOF_net-wna_node1-N17_edge1-none.cif,8.26228,6.84967,8.2404,1.08265,1836.43,1696.23,0.4427,0.408904078,0.4427,0.0,0.408903,0.0,0.408903,0.0,
MOF_net-wnd_node1-N14_edge1-none,MOF_net-wnd_node1-N14_edge1-none.cif,6.80523,5.67426,6.7983,1.32478,1486.32,1121.93,0.3666,0.276725192,0.3475,0.0191,0.262307,0.0144174,0.262307,632.696,
MOF_net-xfh_node1-N32_edge1-none,MOF_net-xfh_node1-N32_edge1-none.cif,7.38169,4.78318,7.38169,1.25142,978.192,781.667,0.3201,0.255789423,0.2798,0.0403,0.223586,0.0322035,0.223586,416.69,
MOF_net-xfr_node1-N32_edge1-none,MOF_net-xfr_node1-N32_edge1-none.cif,6.0573,4.46745,5.51537,1.13458,806.606,710.929,0.2752,0.242556717,0.1589,0.1163,0.140052,0.102505,0.140052,2652.68,
MOF_net-xfs_node1-N32_edge1-none,MOF_net-xfs_node1-N32_edge1-none.cif,6.6552,4.43631,5.29821,1.08731,1399.02,1286.69,0.2718,0.249974708,0.2718,0.0,0.249976,0.0,0.249976,0.0,
MOF_net-zfb_node1-N0_edge1-none,MOF_net-zfb_node1-N0_edge1-none.cif,6.25416,4.46996,6.25078,1.15484,1195.95,1035.6,0.3372,0.291988501,0.3257,0.0115,0.282031,0.00995811,0.282031,56.1027,
MOF_net-zff_node1-N85_edge1-none,MOF_net-zff_node1-N85_edge1-none.cif,12.62382,5.26847,12.62382,0.722903,1932.12,2672.73,0.5614,0.77659105,0.5614,0.0,0.776591,0.0,0.776591,0.0,
MOF_net-zfj_node1-N0_edge1-none,MOF_net-zfj_node1-N0_edge1-none.cif,7.84528,4.18251,7.83646,1.18732,1242.97,1046.87,0.368,0.309941717,0.368,0.0,0.309942,0.0,0.309942,0.0,
MOF_net-zfj_node1-N86_edge1-none,MOF_net-zfj_node1-N86_edge1-none.cif,6.40163,4.2335,6.40023,1.13648,1066.86,938.742,0.3028,0.266436717,0.3028,0.0,0.266437,0.0,0.266437,0.0,
MOF_net-zfl_node1-N85_edge1-none,MOF_net-zfl_node1-N85_edge1-none.cif,6.3053,4.23875,6.29069,1.0627,1059.57,997.048,0.2648,0.249176626,0.2558,0.009,0.240707,0.00846897,0.240707,80.8202,
MOF_net-zfp_node1-N86_edge1-none,MOF_net-zfp_node1-N86_edge1-none.cif,5.0754,3.9283,5.07033,1.11345,534.781,480.29,0.1462,0.131303606,0.1217,0.0245,0.109299,0.0220036,0.109299,209.983,
MOF_net-zni_node1-N42_edge1-none,MOF_net-zni_node1-N42_edge1-none.cif,5.55572,3.99781,5.5544,2.70842,379.777,140.221,0.1097,0.040503319,0.1097,0.0,0.0405034,0.0,0.0405034,0.0,
MOF_net-zzz_node1-N12_node2-orgN8_edge1-none,MOF_net-zzz_node1-N12_node2-orgN8_edge1-none.cif,8.64112,7.68619,8.57017,2.13434,794.845,372.407,0.2824,0.132312565,0.2824,0.0,0.132312,0.0,0.132312,0.0,
MOF_net-zzz_node1-N15_node2-orgN8_edge1-none,MOF_net-zzz_node1-N15_node2-orgN8_edge1-none.cif,8.72212,7.75571,8.72212,2.01994,813.381,402.676,0.2843,0.140746755,0.2843,0.0,0.140747,0.0,0.140747,0.0,
MOF_net-zzz_node1-N16_node2-orgN9_edge1-none,MOF_net-zzz_node1-N16_node2-orgN9_edge1-none.cif,8.26628,6.63231,8.222,1.83569,837.006,455.962,0.2792,0.152095397,0.2792,0.0,0.152095,0.0,0.152095,0.0,
MOF_net-zzz_node1-N17_node2-orgN8_edge1-none,MOF_net-zzz_node1-N17_node2-orgN8_edge1-none.cif,8.84668,7.84885,8.84668,1.89571,823.18,434.233,0.2882,0.152027473,0.2882,0.0,0.152027,0.0,0.152027,0.0,
MOF_net-zzz_node1-N19_node2-orgN8_edge1-none,MOF_net-zzz_node1-N19_node2-orgN8_edge1-none.cif,5.13666,4.58801,5.13064,2.00767,241.616,120.346,0.1024,0.051004398,0.1024,0.0,0.0510043,0.0,0.0510043,0.0,
MOF_net-zzz_node1-N19_node2-orgN9_edge1-none,MOF_net-zzz_node1-N19_node2-orgN9_edge1-none.cif,4.98222,3.82107,4.97714,1.75436,64.2906,36.6462,0.0647,0.036879546,0.032,0.0327,0.0182403,0.0186393,0.0182403,71.6891,
MOF_net-zzz_node1-N44_node2-orgN22_edge1-none,MOF_net-zzz_node1-N44_node2-orgN22_edge1-none.cif,6.15914,4.06497,6.14817,1.94366,321.487,165.403,0.1153,0.059321075,0.1081,0.0072,0.0556168,0.00370436,0.0556168,32.0209,
MOF_net-zzz_node1-N44_node2-orgN3_edge1-none,MOF_net-zzz_node1-N44_node2-orgN3_edge1-none.cif,6.18284,4.0762,6.18055,1.92106,329.417,171.477,0.1135,0.059081965,0.1063,0.0072,0.0553339,0.00374792,0.0553339,32.1979,
MOF_net-zzz_node1-N46_node2-orgN3_edge1-none,MOF_net-zzz_node1-N46_node2-orgN3_edge1-none.cif,6.14804,4.08342,6.14804,1.92886,322.059,166.969,0.1131,0.058635671,0.1062,0.0069,0.0550585,0.00357724,0.0550585,30.8112,
MOF_net-zzz_node1-N49_node2-orgN8_edge1-none,MOF_net-zzz_node1-N49_node2-orgN8_edge1-none.cif,5.04276,4.50332,5.04006,1.79331,222.249,123.932,0.1115,0.06217553,0.0995,0.012,0.0554839,0.00669153,0.0554839,23.5207,
MOF_net-zzz_node1-N69_node2-orgN22_edge1-none,MOF_net-zzz_node1-N69_node2-orgN22_edge1-none.cif,7.446,6.84445,7.446,1.2325,1490.07,1208.98,0.4411,0.357890467,0.4411,0.0,0.357889,0.0,0.357889,0.0,
MOF_net-zzz_node1-N70_node2-orgN8_edge1-none,MOF_net-zzz_node1-N70_node2-orgN8_edge1-none.cif,6.41258,5.2344,6.39679,1.88611,489.724,259.648,0.2042,0.10826516,0.1674,0.0368,0.0887542,0.0195111,0.0887542,120.048,
MOF_net-zzz_node1-N81_node2-orgN8_edge1-none,MOF_net-zzz_node1-N81_node2-orgN8_edge1-none.cif,7.15257,6.49819,6.93483,1.76448,1148.64,650.98,0.3793,0.214964182,0.3793,0.0,0.214964,0.0,0.214964,0.0,
