net,3_cycle_norm,4_cycle_norm,5_cycle_norm,6_cycle_norm,7_cycle_norm,8_cycle_norm,9_cycle_norm,10_cycle_norm,11_cycle_norm,12_cycle_norm
acs,0.0,0.6,0.0,0.4,0.0,0.0,0.0,0.0,0.0,0.0
afi,0.0,0.166666667,0.0,0.833333333,0.0,0.0,0.0,0.0,0.0,0.0
alb,0.0,0.777777778,0.0,0.222222222,0.0,0.0,0.0,0.0,0.0,0.0
ana,0.0,0.333333333,0.0,0.333333333,0.0,0.333333333,0.0,0.0,0.0,0.0
ana-e,0.5,0.083333333,0.0,0.083333333,0.0,0.333333333,0.0,0.0,0.0,0.0
ana-f,0.0,0.333333333,0.0,0.0,0.0,0.333333333,0.0,0.0,0.0,0.333333333
anh,0.0,0.352941176,0.0,0.0,0.0,0.529411765,0.0,0.117647059,0.0,0.0
apo,0.0,0.2,0.0,0.733333333,0.0,0.066666667,0.0,0.0,0.0,0.0
atn,0.0,0.333333333,0.0,0.5,0.0,0.166666667,0.0,0.0,0.0,0.0
ato,0.0,0.166666667,0.0,0.833333333,0.0,0.0,0.0,0.0,0.0,0.0
bcs,0.0,0.4,0.0,0.6,0.0,0.0,0.0,0.0,0.0,0.0
bcu-f,0.0,0.0,0.0,0.0,0.0,0.333333333,0.0,0.666666667,0.0,0.0
bcu-h,0.0,0.0,0.0,0.0,0.0,0.333333333,0.0,0.666666667,0.0,0.0
bcu-i,0.3,0.1,0.2,0.0,0.0,0.3,0.1,0.0,0.0,0.0
bcu-k,0.266666667,0.333333333,0.0,0.0,0.0,0.4,0.0,0.0,0.0,0.0
bcu-l,0.0,0.6,0.0,0.4,0.0,0.0,0.0,0.0,0.0,0.0
bmn,0.0,0.0,0.0,1.0,0.0,0.0,0.0,0.0,0.0,0.0
bpr,0.0,0.0,0.0,0.0,0.0,0.666666667,0.0,0.0,0.0,0.333333333
bva,0.0,0.0,0.0,0.333333333,0.0,0.333333333,0.0,0.0,0.0,0.333333333
bwt,0.0,0.0,0.0,0.333333333,0.0,0.0,0.0,0.0,0.0,0.666666667
cag,0.0,0.166666667,0.0,0.833333333,0.0,0.0,0.0,0.0,0.0,0.0
can,0.0,0.333333333,0.0,0.666666667,0.0,0.0,0.0,0.0,0.0,0.0
cbo,0.166666667,0.0,0.0,0.166666667,0.666666667,0.0,0.0,0.0,0.0,0.0
cds-f,0.0,0.777777778,0.0,0.0,0.0,0.222222222,0.0,0.0,0.0,0.0
cha,0.0,0.5,0.0,0.166666667,0.0,0.333333333,0.0,0.0,0.0,0.0
cml,0.0,0.166666667,0.0,0.666666667,0.0,0.166666667,0.0,0.0,0.0,0.0
cor,0.0,0.5,0.0,0.5,0.0,0.0,0.0,0.0,0.0,0.0
crs,0.5,0.0,0.0,0.5,0.0,0.0,0.0,0.0,0.0,0.0
csq,0.0,0.588235294,0.0,0.411764706,0.0,0.0,0.0,0.0,0.0,0.0
ctn,0.0,0.0,0.0,0.0,0.0,1.0,0.0,0.0,0.0,0.0
dag,0.0,0.388888889,0.0,0.0,0.0,0.611111111,0.0,0.0,0.0,0.0
deh,0.0,0.0,0.0,0.0,0.0,0.666666667,0.0,0.0,0.0,0.333333333
dei,0.0,0.666666667,0.0,0.0,0.0,0.0,0.0,0.0,0.0,0.333333333
dia-a,0.5,0.0,0.0,0.0,0.0,0.0,0.0,0.0,0.0,0.5
dia-j,0.333333333,0.266666667,0.0,0.133333333,0.0,0.0,0.0,0.0,0.0,0.266666667
ecd,0.321428571,0.357142857,0.321428571,0.0,0.0,0.0,0.0,0.0,0.0,0.0
ech,0.285714286,0.428571429,0.285714286,0.0,0.0,0.0,0.0,0.0,0.0,0.0
eci,0.214285714,0.428571429,0.357142857,0.0,0.0,0.0,0.0,0.0,0.0,0.0
ecj,0.214285714,0.571428571,0.214285714,0.0,0.0,0.0,0.0,0.0,0.0,0.0
ecm,0.214285714,0.5,0.285714286,0.0,0.0,0.0,0.0,0.0,0.0,0.0
ecs,0.357142857,0.428571429,0.214285714,0.0,0.0,0.0,0.0,0.0,0.0,0.0
ecv,0.107142857,0.678571429,0.178571429,0.035714286,0.0,0.0,0.0,0.0,0.0,0.0
eea,0.0,0.333333333,0.0,0.166666667,0.0,0.333333333,0.0,0.0,0.0,0.166666667
etb,0.0,0.0,0.0,0.0,0.0,1.0,0.0,0.0,0.0,0.0
etf,0.0,0.0,0.0,0.0,0.0,1.0,0.0,0.0,0.0,0.0
fau,0.0,0.5,0.0,0.333333333,0.0,0.0,0.0,0.0,0.0,0.166666667
fca,0.3,0.0,0.0,0.5,0.0,0.0,0.0,0.0,0.0,0.2
fcd,0.333333333,0.0,0.0,0.222222222,0.444444444,0.0,0.0,0.0,0.0,0.0
fcg,0.1,0.5,0.0,0.0,0.0,0.2,0.2,0.0,0.0,0.0
fch,0.3,0.2,0.2,0.0,0.0,0.0,0.0,0.0,0.0,0.3
fcj,0.111111111,0.444444444,0.0,0.222222222,0.222222222,0.0,0.0,0.0,0.0,0.0
fcl,0.1,0.4,0.0,0.0,0.0,0.5,0.0,0.0,0.0,0.0
fcm,0.1,0.5,0.0,0.2,0.0,0.0,0.0,0.0,0.0,0.2
fcn,0.111111111,0.666666667,0.0,0.0,0.0,0.0,0.0,0.0,0.0,0.222222222
fcp,0.111111111,0.111111111,0.555555556,0.222222222,0.0,0.0,0.0,0.0,0.0,0.0
fcq,0.333333333,0.111111111,0.0,0.222222222,0.333333333,0.0,0.0,0.0,0.0,0.0
fcr,0.111111111,0.111111111,0.444444444,0.333333333,0.0,0.0,0.0,0.0,0.0,0.0
fcs,0.125,0.125,0.375,0.375,0.0,0.0,0.0,0.0,0.0,0.0
fcu,0.363636364,0.545454545,0.090909091,0.0,0.0,0.0,0.0,0.0,0.0,0.0
fdc,0.0,0.375,0.625,0.0,0.0,0.0,0.0,0.0,0.0,0.0
fgl,0.0,0.333333333,0.0,0.5,0.0,0.0,0.0,0.0,0.0,0.166666667
flu-e,0.2,0.4,0.0,0.0,0.0,0.4,0.0,0.0,0.0,0.0
fnc,0.0,0.777777778,0.0,0.0,0.0,0.0,0.0,0.0,0.0,0.222222222
fnd,0.0,0.666666667,0.0,0.111111111,0.222222222,0.0,0.0,0.0,0.0,0.0
fng,0.0,0.6,0.0,0.1,0.0,0.3,0.0,0.0,0.0,0.0
fnh,0.0,0.4,0.0,0.6,0.0,0.0,0.0,0.0,0.0,0.0
fnj,0.0,0.666666667,0.111111111,0.0,0.0,0.222222222,0.0,0.0,0.0,0.0
fnk,0.333333333,0.111111111,0.0,0.555555556,0.0,0.0,0.0,0.0,0.0,0.0
fnl,0.333333333,0.222222222,0.0,0.0,0.0,0.444444444,0.0,0.0,0.0,0.0
fno,0.0,0.2,0.5,0.0,0.3,0.0,0.0,0.0,0.0,0.0
fnp,0.3,0.2,0.0,0.1,0.0,0.0,0.2,0.2,0.0,0.0
fns,0.0,1.0,0.0,0.0,0.0,0.0,0.0,0.0,0.0,0.0
fob,0.0,0.4,0.0,0.5,0.0,0.1,0.0,0.0,0.0,0.0
ftw,0.0,0.555555556,0.0,0.444444444,0.0,0.0,0.0,0.0,0.0,0.0
gan,0.0,0.0,1.0,0.0,0.0,0.0,0.0,0.0,0.0,0.0
gar,0.0,0.476190476,0.0,0.0,0.0,0.523809524,0.0,0.0,0.0,0.0
ghw,0.0,0.0,0.0,1.0,0.0,0.0,0.0,0.0,0.0,0.0
gie,0.0,0.5,0.0,0.166666667,0.0,0.0,0.0,0.0,0.0,0.333333333
gis,0.0,0.5,0.0,0.0,0.0,0.5,0.0,0.0,0.0,0.0
gme,0.0,0.5,0.0,0.166666667,0.0,0.333333333,0.0,0.0,0.0,0.0
gsi,0.0,0.0,0.0,1.0,0.0,0.0,0.0,0.0,0.0,0.0
hal,0.166666667,0.166666667,0.0,0.333333333,0.0,0.333333333,0.0,0.0,0.0,0.0
hbo,0.166666667,0.166666667,0.0,0.0,0.0,0.666666667,0.0,0.0,0.0,0.0
hcp,0.363636364,0.5,0.136363636,0.0,0.0,0.0,0.0,0.0,0.0,0.0
hjm,0.0,0.0,0.0,0.5,0.0,0.0,0.0,0.5,0.0,0.0
hwx,0.0,0.111111111,0.0,0.722222222,0.0,0.166666667,0.0,0.0,0.0,0.0
iac,0.0,0.444444444,0.0,0.555555556,0.0,0.0,0.0,0.0,0.0,0.0
iac-e,0.333333333,0.19047619,0.285714286,0.19047619,0.0,0.0,0.0,0.0,0.0,0.0
ibd,0.0,0.238095238,0.0,0.619047619,0.0,0.142857143,0.0,0.0,0.0,0.0
ict,0.0,0.0,0.0,0.833333333,0.0,0.166666667,0.0,0.0,0.0,0.0
kfi,0.0,0.5,0.0,0.166666667,0.0,0.333333333,0.0,0.0,0.0,0.0
lcs,0.0,0.0,0.0,1.0,0.0,0.0,0.0,0.0,0.0,0.0
lcs-a,0.5,0.0,0.0,0.0,0.0,0.0,0.0,0.0,0.0,0.5
lcs-e,0.545454545,0.0,0.0,0.454545455,0.0,0.0,0.0,0.0,0.0,0.0
lcs-f,0.0,0.333333333,0.0,0.0,0.0,0.0,0.0,0.0,0.0,0.666666667
lcv-a,0.75,0.0,0.0,0.25,0.0,0.0,0.0,0.0,0.0,0.0
lcv-e,0.7,0.0,0.0,0.0,0.0,0.0,0.0,0.3,0.0,0.0
lcv-f,0.0,0.5,0.0,0.5,0.0,0.0,0.0,0.0,0.0,0.0
lcy,0.25,0.0,0.75,0.0,0.0,0.0,0.0,0.0,0.0,0.0
lcy-a,0.166666667,0.333333333,0.0,0.166666667,0.0,0.0,0.0,0.0,0.333333333,0.0
lcy-a-x,0.4,0.2,0.0,0.1,0.0,0.0,0.0,0.3,0.0,0.0
lcy-e,0.25,0.333333333,0.0,0.416666667,0.0,0.0,0.0,0.0,0.0,0.0
lig,0.0,0.0,0.0,0.0,0.0,0.666666667,0.0,0.333333333,0.0,0.0
llk,0.0,0.376811594,0.0,0.507246377,0.0,0.115942029,0.0,0.0,0.0,0.0
lta,0.0,0.5,0.0,0.333333333,0.0,0.166666667,0.0,0.0,0.0,0.0
lvt-a,0.0,0.5,0.0,0.0,0.0,0.5,0.0,0.0,0.0,0.0
mdf,0.0,0.0,0.0,0.0,0.0,1.0,0.0,0.0,0.0,0.0
mer,0.0,0.5,0.0,0.0,0.0,0.5,0.0,0.0,0.0,0.0
mok,0.0,0.0,0.0,0.833333333,0.0,0.166666667,0.0,0.0,0.0,0.0
mon,0.0,0.166666667,0.5,0.0,0.0,0.333333333,0.0,0.0,0.0,0.0
myd,0.0,0.571428571,0.0,0.095238095,0.0,0.333333333,0.0,0.0,0.0,0.0
nbo-h,0.0,0.7,0.0,0.1,0.0,0.0,0.0,0.0,0.0,0.2
neb,0.0,0.0,0.0,1.0,0.0,0.0,0.0,0.0,0.0,0.0
nfa,0.0,0.0,0.0,0.833333333,0.0,0.166666667,0.0,0.0,0.0,0.0
nfb,0.0,0.5,0.0,0.166666667,0.0,0.333333333,0.0,0.0,0.0,0.0
nfc,0.0,0.0,0.0,1.0,0.0,0.0,0.0,0.0,0.0,0.0
nom,0.0,0.333333333,0.0,0.5,0.0,0.0,0.0,0.0,0.0,0.166666667
ocu,0.0,0.744186047,0.0,0.255813953,0.0,0.0,0.0,0.0,0.0,0.0
pbg,0.0,0.0,0.0,0.333333333,0.0,0.666666667,0.0,0.0,0.0,0.0
pbp,0.0,0.0,0.0,0.333333333,0.0,0.666666667,0.0,0.0,0.0,0.0
pbz,0.0,0.0,0.0,0.333333333,0.0,0.666666667,0.0,0.0,0.0,0.0
pcb,0.0,0.5,0.0,0.0,0.0,0.5,0.0,0.0,0.0,0.0
pcl,0.0,0.333333333,0.0,0.5,0.0,0.166666667,0.0,0.0,0.0,0.0
pcu-g,0.0,0.0,0.0,0.333333333,0.0,0.0,0.0,0.666666667,0.0,0.0
pcu-h,0.0,0.0,0.0,0.333333333,0.0,0.0,0.0,0.666666667,0.0,0.0
pcu-i,0.1,0.5,0.0,0.0,0.0,0.4,0.0,0.0,0.0,0.0
pem,0.0,0.0,0.0,0.0,0.0,1.0,0.0,0.0,0.0,0.0
pth,0.0,0.333333333,0.0,0.0,0.0,0.666666667,0.0,0.0,0.0,0.0
pto,0.0,0.0,0.0,0.0,0.0,1.0,0.0,0.0,0.0,0.0
ptr,0.0,0.5,0.0,0.0,0.0,0.333333333,0.0,0.0,0.0,0.166666667
pts,0.0,0.333333333,0.0,0.0,0.0,0.666666667,0.0,0.0,0.0,0.0
pyc,0.357142857,0.357142857,0.214285714,0.071428571,0.0,0.0,0.0,0.0,0.0,0.0
pyr,0.0,0.0,0.0,1.0,0.0,0.0,0.0,0.0,0.0,0.0
pyr-e,0.357142857,0.142857143,0.0,0.357142857,0.0,0.142857143,0.0,0.0,0.0,0.0
qtz-e,0.4,0.0,0.0,0.2,0.0,0.4,0.0,0.0,0.0,0.0
qtz-x,0.0,0.285714286,0.714285714,0.0,0.0,0.0,0.0,0.0,0.0,0.0
rho,0.0,0.5,0.0,0.166666667,0.0,0.333333333,0.0,0.0,0.0,0.0
rhr,0.0,0.333333333,0.0,0.333333333,0.0,0.333333333,0.0,0.0,0.0,0.0
rhr-a,0.0,0.333333333,0.0,0.0,0.0,0.333333333,0.0,0.0,0.0,0.333333333
rkf,0.428571429,0.0,0.0,0.0,0.428571429,0.142857143,0.0,0.0,0.0,0.0
rob,0.0,0.571428571,0.0,0.428571429,0.0,0.0,0.0,0.0,0.0,0.0
rtl,0.0,0.2,0.0,0.8,0.0,0.0,0.0,0.0,0.0,0.0
sin,0.0,0.5,0.0,0.5,0.0,0.0,0.0,0.0,0.0,0.0
sit,0.0,0.166666667,0.0,0.666666667,0.0,0.166666667,0.0,0.0,0.0,0.0
skb,0.0,0.5,0.0,0.4,0.0,0.1,0.0,0.0,0.0,0.0
ske,0.0,0.833333333,0.166666667,0.0,0.0,0.0,0.0,0.0,0.0,0.0
smc,0.166666667,0.333333333,0.416666667,0.083333333,0.0,0.0,0.0,0.0,0.0,0.0
smd,0.0,0.785714286,0.0,0.214285714,0.0,0.0,0.0,0.0,0.0,0.0
sme,0.066666667,0.266666667,0.4,0.266666667,0.0,0.0,0.0,0.0,0.0,0.0
smg,0.214285714,0.285714286,0.0,0.142857143,0.357142857,0.0,0.0,0.0,0.0,0.0
smk,0.0,0.642857143,0.285714286,0.0,0.071428571,0.0,0.0,0.0,0.0,0.0
sml,0.0,0.733333333,0.0,0.133333333,0.0,0.133333333,0.0,0.0,0.0,0.0
smm,0.071428571,0.642857143,0.0,0.0,0.285714286,0.0,0.0,0.0,0.0,0.0
smn,0.0,0.615384615,0.230769231,0.153846154,0.0,0.0,0.0,0.0,0.0,0.0
smq,0.133333333,0.466666667,0.0,0.133333333,0.0,0.266666667,0.0,0.0,0.0,0.0
sms,0.266666667,0.266666667,0.0,0.2,0.266666667,0.0,0.0,0.0,0.0,0.0
smu,0.166666667,0.333333333,0.416666667,0.083333333,0.0,0.0,0.0,0.0,0.0,0.0
smw,0.0,0.733333333,0.0,0.133333333,0.0,0.0,0.0,0.0,0.0,0.133333333
sne,0.3,0.2,0.5,0.0,0.0,0.0,0.0,0.0,0.0,0.0
sni,0.0,0.733333333,0.0,0.0,0.0,0.266666667,0.0,0.0,0.0,0.0
snk,0.0,0.833333333,0.166666667,0.0,0.0,0.0,0.0,0.0,0.0,0.0
snl,0.0,0.916666667,0.083333333,0.0,0.0,0.0,0.0,0.0,0.0,0.0
snv-x,0.333333333,0.380952381,0.285714286,0.0,0.0,0.0,0.0,0.0,0.0,0.0
snw,0.0,0.6,0.0,0.4,0.0,0.0,0.0,0.0,0.0,0.0
snx,0.066666667,0.533333333,0.0,0.4,0.0,0.0,0.0,0.0,0.0,0.0
snz,0.0,0.714285714,0.0,0.142857143,0.0,0.142857143,0.0,0.0,0.0,0.0
soc,0.0,0.476190476,0.0,0.095238095,0.0,0.428571429,0.0,0.0,0.0,0.0
sod-a,0.5,0.0,0.0,0.0,0.0,0.166666667,0.0,0.0,0.0,0.333333333
sod-e,0.4,0.066666667,0.0,0.133333333,0.0,0.0,0.0,0.0,0.0,0.4
sod-f,0.0,0.333333333,0.0,0.0,0.0,0.0,0.0,0.0,0.0,0.666666667
sod-g,0.0,0.5,0.0,0.0,0.0,0.5,0.0,0.0,0.0,0.0
sod-h,0.0,0.333333333,0.0,0.0,0.0,0.333333333,0.0,0.0,0.0,0.333333333
sog,0.0,0.6,0.1,0.0,0.0,0.0,0.0,0.3,0.0,0.0
soh,0.0,0.5,0.0,0.5,0.0,0.0,0.0,0.0,0.0,0.0
soi,0.0,0.4,0.0,0.5,0.0,0.1,0.0,0.0,0.0,0.0
sol,0.0,0.6,0.0,0.4,0.0,0.0,0.0,0.0,0.0,0.0
som,0.0,0.916666667,0.083333333,0.0,0.0,0.0,0.0,0.0,0.0,0.0
son,0.0,0.75,0.25,0.0,0.0,0.0,0.0,0.0,0.0,0.0
sop,0.285714286,0.380952381,0.238095238,0.095238095,0.0,0.0,0.0,0.0,0.0,0.0
srs-a,1.0,0.0,0.0,0.0,0.0,0.0,0.0,0.0,0.0,0.0
srs-f,0.571428571,0.428571429,0.0,0.0,0.0,0.0,0.0,0.0,0.0,0.0
srs-g,0.571428571,0.428571429,0.0,0.0,0.0,0.0,0.0,0.0,0.0,0.0
ssa,0.0,0.333333333,0.0,0.333333333,0.0,0.333333333,0.0,0.0,0.0,0.0
ssb,0.0,0.333333333,0.0,0.0,0.0,0.666666667,0.0,0.0,0.0,0.0
sst,0.0,0.166666667,0.0,0.5,0.0,0.333333333,0.0,0.0,0.0,0.0
sth,0.1,0.2,0.5,0.0,0.0,0.2,0.0,0.0,0.0,0.0
svb,0.285714286,0.380952381,0.285714286,0.047619048,0.0,0.0,0.0,0.0,0.0,0.0
svm,0.333333333,0.333333333,0.333333333,0.0,0.0,0.0,0.0,0.0,0.0,0.0
svo,0.142857143,0.571428571,0.238095238,0.047619048,0.0,0.0,0.0,0.0,0.0,0.0
svx,0.333333333,0.333333333,0.285714286,0.047619048,0.0,0.0,0.0,0.0,0.0,0.0
svy,0.19047619,0.380952381,0.380952381,0.047619048,0.0,0.0,0.0,0.0,0.0,0.0
swa,0.285714286,0.428571429,0.238095238,0.047619048,0.0,0.0,0.0,0.0,0.0,0.0
swf,0.285714286,0.428571429,0.095238095,0.19047619,0.0,0.0,0.0,0.0,0.0,0.0
sxa,0.0,0.533333333,0.0,0.466666667,0.0,0.0,0.0,0.0,0.0,0.0
sxb,0.0,0.666666667,0.333333333,0.0,0.0,0.0,0.0,0.0,0.0,0.0
sxe,0.333333333,0.0,0.416666667,0.083333333,0.166666667,0.0,0.0,0.0,0.0,0.0
sxf,0.285714286,0.142857143,0.357142857,0.071428571,0.142857143,0.0,0.0,0.0,0.0,0.0
sxg,0.153846154,0.307692308,0.384615385,0.153846154,0.0,0.0,0.0,0.0,0.0,0.0
sxh,0.071428571,0.285714286,0.5,0.142857143,0.0,0.0,0.0,0.0,0.0,0.0
sxi,0.333333333,0.166666667,0.0,0.333333333,0.166666667,0.0,0.0,0.0,0.0,0.0
sxt,0.0,0.0,0.0,0.0,0.0,0.0,0.0,0.0,0.0,0.0
tbo,0.0,0.0,0.0,0.555555556,0.0,0.222222222,0.0,0.0,0.0,0.222222222
tph,0.0,0.697674419,0.0,0.302325581,0.0,0.0,0.0,0.0,0.0,0.0
tsi,0.214285714,0.571428571,0.214285714,0.0,0.0,0.0,0.0,0.0,0.0,0.0
twf-e,0.230769231,0.538461538,0.0,0.153846154,0.0,0.076923077,0.0,0.0,0.0,0.0
tzs,0.0,0.166666667,0.0,0.833333333,0.0,0.0,0.0,0.0,0.0,0.0
ubt,0.2,0.2,0.0,0.6,0.0,0.0,0.0,0.0,0.0,0.0
uka,0.0,0.166666667,0.0,0.666666667,0.0,0.0,0.0,0.166666667,0.0,0.0
ukb,0.0,0.166666667,0.0,0.666666667,0.0,0.166666667,0.0,0.0,0.0,0.0
ukc,0.0,0.166666667,0.0,0.5,0.333333333,0.0,0.0,0.0,0.0,0.0
ukd,0.0,0.166666667,0.0,0.5,0.0,0.333333333,0.0,0.0,0.0,0.0
uke,0.0,0.166666667,0.0,0.833333333,0.0,0.0,0.0,0.0,0.0,0.0
ukf,0.0,0.166666667,0.5,0.0,0.0,0.333333333,0.0,0.0,0.0,0.0
ukh,0.0,0.166666667,0.0,0.333333333,0.5,0.0,0.0,0.0,0.0,0.0
uki,0.0,0.166666667,0.0,0.0,0.833333333,0.0,0.0,0.0,0.0,0.0
ukj,0.0,0.166666667,0.0,0.0,0.666666667,0.166666667,0.0,0.0,0.0,0.0
ukk,0.0,0.166666667,0.0,0.5,0.0,0.333333333,0.0,0.0,0.0,0.0
ukm,0.0,0.166666667,0.0,0.5,0.0,0.333333333,0.0,0.0,0.0,0.0
ukn,0.0,0.333333333,0.0,0.5,0.0,0.0,0.0,0.0,0.0,0.166666667
uko,0.0,0.333333333,0.0,0.166666667,0.0,0.5,0.0,0.0,0.0,0.0
ukp,0.166666667,0.0,0.0,0.5,0.0,0.166666667,0.0,0.0,0.0,0.166666667
ukr,0.166666667,0.333333333,0.0,0.0,0.0,0.5,0.0,0.0,0.0,0.0
uks,0.0,0.5,0.0,0.166666667,0.0,0.0,0.0,0.0,0.0,0.333333333
ukt,0.0,0.166666667,0.0,0.666666667,0.0,0.166666667,0.0,0.0,0.0,0.0
ukv,0.0,0.333333333,0.0,0.5,0.0,0.0,0.0,0.166666667,0.0,0.0
ukw,0.0,0.333333333,0.0,0.166666667,0.0,0.5,0.0,0.0,0.0,0.0
ukx,0.0,0.5,0.0,0.0,0.0,0.0,0.0,0.5,0.0,0.0
uky,0.166666667,0.0,0.0,0.5,0.0,0.166666667,0.0,0.0,0.0,0.166666667
ula,0.0,0.166666667,0.0,0.166666667,0.5,0.166666667,0.0,0.0,0.0,0.0
ulg,0.2,0.4,0.0,0.4,0.0,0.0,0.0,0.0,0.0,0.0
ulh,0.166666667,0.0,0.0,0.666666667,0.0,0.0,0.0,0.0,0.0,0.166666667
uli,0.166666667,0.333333333,0.0,0.0,0.0,0.333333333,0.0,0.166666667,0.0,0.0
ulj,0.166666667,0.166666667,0.0,0.0,0.0,0.333333333,0.0,0.333333333,0.0,0.0
ull,0.0,0.166666667,0.0,0.666666667,0.0,0.166666667,0.0,0.0,0.0,0.0
uma,0.0,0.5,0.0,0.0,0.0,0.5,0.0,0.0,0.0,0.0
umc,0.0,0.5,0.0,0.0,0.0,0.333333333,0.0,0.166666667,0.0,0.0
umd,0.0,0.5,0.0,0.0,0.0,0.333333333,0.0,0.0,0.0,0.166666667
ume,0.0,0.5,0.0,0.0,0.0,0.0,0.0,0.5,0.0,0.0
umh,0.0,0.5,0.0,0.0,0.0,0.166666667,0.0,0.333333333,0.0,0.0
umk,0.0,0.333333333,0.0,0.5,0.0,0.166666667,0.0,0.0,0.0,0.0
uml,0.0,0.4,0.0,0.6,0.0,0.0,0.0,0.0,0.0,0.0
umm,0.0,0.4,0.0,0.6,0.0,0.0,0.0,0.0,0.0,0.0
umn,0.0,0.333333333,0.0,0.666666667,0.0,0.0,0.0,0.0,0.0,0.0
umo,0.0,0.333333333,0.0,0.666666667,0.0,0.0,0.0,0.0,0.0,0.0
umq,0.0,0.333333333,0.0,0.5,0.0,0.166666667,0.0,0.0,0.0,0.0
umr,0.0,0.333333333,0.0,0.5,0.0,0.0,0.0,0.166666667,0.0,0.0
ums,0.0,0.333333333,0.0,0.5,0.0,0.166666667,0.0,0.0,0.0,0.0
umu,0.0,0.333333333,0.0,0.5,0.0,0.166666667,0.0,0.0,0.0,0.0
umv,0.0,0.333333333,0.0,0.5,0.0,0.166666667,0.0,0.0,0.0,0.0
umy,0.0,0.333333333,0.0,0.5,0.0,0.0,0.0,0.166666667,0.0,0.0
umz,0.0,0.333333333,0.0,0.5,0.0,0.0,0.0,0.0,0.0,0.166666667
una,0.0,0.0,0.0,1.0,0.0,0.0,0.0,0.0,0.0,0.0
unb,0.0,0.0,0.0,1.0,0.0,0.0,0.0,0.0,0.0,0.0
und,0.0,0.0,0.0,1.0,0.0,0.0,0.0,0.0,0.0,0.0
une,0.0,0.0,0.0,1.0,0.0,0.0,0.0,0.0,0.0,0.0
unf,0.0,0.0,0.0,1.0,0.0,0.0,0.0,0.0,0.0,0.0
ung,0.0,0.0,0.666666667,0.0,0.0,0.0,0.0,0.0,0.0,0.333333333
unh,0.0,0.0,0.666666667,0.0,0.0,0.0,0.0,0.0,0.0,0.333333333
unl,0.0,0.0,0.0,0.833333333,0.0,0.166666667,0.0,0.0,0.0,0.0
unn,0.0,0.0,0.833333333,0.0,0.0,0.0,0.166666667,0.0,0.0,0.0
uno,0.333333333,0.666666667,0.0,0.0,0.0,0.0,0.0,0.0,0.0,0.0
unp,0.166666667,0.333333333,0.0,0.0,0.0,0.0,0.5,0.0,0.0,0.0
unr,0.166666667,0.333333333,0.0,0.0,0.0,0.0,0.5,0.0,0.0,0.0
uns,0.0,0.0,0.0,0.833333333,0.0,0.0,0.0,0.166666667,0.0,0.0
unt,0.166666667,0.0,0.0,0.5,0.0,0.333333333,0.0,0.0,0.0,0.0
unu,0.166666667,0.0,0.0,0.0,0.833333333,0.0,0.0,0.0,0.0,0.0
unv,0.166666667,0.0,0.0,0.5,0.0,0.333333333,0.0,0.0,0.0,0.0
unw,0.166666667,0.0,0.0,0.5,0.0,0.333333333,0.0,0.0,0.0,0.0
unx,0.166666667,0.0,0.0,0.666666667,0.0,0.0,0.166666667,0.0,0.0,0.0
uoa,0.0,0.333333333,0.0,0.5,0.0,0.0,0.0,0.0,0.0,0.166666667
uob,0.0,0.333333333,0.0,0.5,0.0,0.0,0.0,0.0,0.0,0.166666667
uod,0.0,0.333333333,0.0,0.5,0.0,0.0,0.0,0.166666667,0.0,0.0
uoe,0.0,0.333333333,0.0,0.5,0.0,0.0,0.0,0.0,0.0,0.166666667
uof,0.0,0.333333333,0.0,0.333333333,0.0,0.333333333,0.0,0.0,0.0,0.0
uoh,0.0,0.333333333,0.0,0.5,0.0,0.0,0.166666667,0.0,0.0,0.0
uoi,0.0,0.4,0.0,0.6,0.0,0.0,0.0,0.0,0.0,0.0
uol,0.0,0.333333333,0.0,0.0,0.5,0.0,0.166666667,0.0,0.0,0.0
uoq,0.0,0.166666667,0.0,0.833333333,0.0,0.0,0.0,0.0,0.0,0.0
uos,0.0,0.166666667,0.0,0.833333333,0.0,0.0,0.0,0.0,0.0,0.0
uot,0.0,0.166666667,0.0,0.666666667,0.0,0.166666667,0.0,0.0,0.0,0.0
uou,0.0,0.166666667,0.0,0.833333333,0.0,0.0,0.0,0.0,0.0,0.0
uow,0.0,0.166666667,0.0,0.666666667,0.0,0.166666667,0.0,0.0,0.0,0.0
uox,0.0,0.166666667,0.0,0.833333333,0.0,0.0,0.0,0.0,0.0,0.0
uoy,0.0,0.166666667,0.0,0.833333333,0.0,0.0,0.0,0.0,0.0,0.0
uoz,0.0,0.166666667,0.0,0.833333333,0.0,0.0,0.0,0.0,0.0,0.0
upb,0.0,0.5,0.0,0.0,0.0,0.333333333,0.0,0.166666667,0.0,0.0
upc,0.0,0.166666667,0.0,0.5,0.333333333,0.0,0.0,0.0,0.0,0.0
upd,0.0,0.166666667,0.0,0.5,0.0,0.333333333,0.0,0.0,0.0,0.0
ure,0.0,0.0,0.0,0.0,0.0,1.0,0.0,0.0,0.0,0.0
usf,0.0,0.0,0.0,0.833333333,0.0,0.0,0.0,0.0,0.0,0.166666667
uta,0.0,0.0,0.0,0.333333333,0.0,0.0,0.666666667,0.0,0.0,0.0
utc,0.0,0.0,0.0,0.0,0.0,0.666666667,0.333333333,0.0,0.0,0.0
utj,0.0,0.0,0.0,0.0,0.0,0.0,0.0,1.0,0.0,0.0
utm,0.0,0.0,0.0,0.0,0.0,0.0,0.0,1.0,0.0,0.0
utn,0.0,0.0,0.0,0.0,0.0,0.0,0.0,1.0,0.0,0.0
utq,0.0,0.0,0.0,0.0,0.0,0.0,0.0,1.0,0.0,0.0
vba,0.0,0.166666667,0.0,0.5,0.0,0.333333333,0.0,0.0,0.0,0.0
vbb,0.0,0.6,0.0,0.0,0.0,0.0,0.0,0.4,0.0,0.0
vbc,0.0,0.4,0.3,0.1,0.2,0.0,0.0,0.0,0.0,0.0
vbd,0.0,0.5,0.0,0.4,0.0,0.1,0.0,0.0,0.0,0.0
vbe,0.333333333,0.0,0.0,0.555555556,0.111111111,0.0,0.0,0.0,0.0,0.0
vbg,0.0,0.5,0.0,0.2,0.3,0.0,0.0,0.0,0.0,0.0
vbh,0.375,0.0,0.0,0.375,0.0,0.25,0.0,0.0,0.0,0.0
vbi,0.333333333,0.111111111,0.0,0.0,0.0,0.0,0.0,0.555555556,0.0,0.0
vbj,0.0,0.5,0.0,0.4,0.0,0.1,0.0,0.0,0.0,0.0
vbk,0.0,0.5,0.0,0.4,0.0,0.1,0.0,0.0,0.0,0.0
vbm,0.0,0.916666667,0.083333333,0.0,0.0,0.0,0.0,0.0,0.0,0.0
vbn,0.230769231,0.153846154,0.384615385,0.230769231,0.0,0.0,0.0,0.0,0.0,0.0
vbp,0.230769231,0.153846154,0.307692308,0.307692308,0.0,0.0,0.0,0.0,0.0,0.0
vbr,0.230769231,0.230769231,0.0,0.538461538,0.0,0.0,0.0,0.0,0.0,0.0
vbv,0.230769231,0.230769231,0.307692308,0.153846154,0.0,0.076923077,0.0,0.0,0.0,0.0
vbw,0.214285714,0.214285714,0.285714286,0.142857143,0.0,0.142857143,0.0,0.0,0.0,0.0
vby,0.0,0.833333333,0.166666667,0.0,0.0,0.0,0.0,0.0,0.0,0.0
vcb,0.0,0.444444444,0.333333333,0.222222222,0.0,0.0,0.0,0.0,0.0,0.0
vcc,0.0,0.75,0.25,0.0,0.0,0.0,0.0,0.0,0.0,0.0
vcd,0.0,0.5,0.0,0.4,0.0,0.1,0.0,0.0,0.0,0.0
vce,0.0,0.4,0.0,0.5,0.0,0.1,0.0,0.0,0.0,0.0
vcf,0.214285714,0.214285714,0.0,0.5,0.0,0.071428571,0.0,0.0,0.0,0.0
vda,0.272727273,0.454545455,0.0,0.272727273,0.0,0.0,0.0,0.0,0.0,0.0
vdb,0.333333333,0.0,0.0,0.333333333,0.333333333,0.0,0.0,0.0,0.0,0.0
wbl,0.0,0.5,0.0,0.0,0.0,0.0,0.0,0.5,0.0,0.0
wfa,0.0,0.0,0.0,1.0,0.0,0.0,0.0,0.0,0.0,0.0
wfe,0.321428571,0.428571429,0.25,0.0,0.0,0.0,0.0,0.0,0.0,0.0
wfj,0.214285714,0.5,0.285714286,0.0,0.0,0.0,0.0,0.0,0.0,0.0
wfs,0.285714286,0.333333333,0.19047619,0.19047619,0.0,0.0,0.0,0.0,0.0,0.0
wfx,0.285714286,0.333333333,0.380952381,0.0,0.0,0.0,0.0,0.0,0.0,0.0
wfz,0.142857143,0.523809524,0.285714286,0.047619048,0.0,0.0,0.0,0.0,0.0,0.0
wga,0.0,0.777777778,0.0,0.0,0.0,0.111111111,0.111111111,0.0,0.0,0.0
wgb,0.0,0.5,0.0,0.4,0.0,0.1,0.0,0.0,0.0,0.0
wgc,0.0,0.375,0.5,0.125,0.0,0.0,0.0,0.0,0.0,0.0
wgd,0.0,0.7,0.0,0.0,0.0,0.1,0.0,0.0,0.2,0.0
wge,0.0,0.5,0.2,0.2,0.0,0.1,0.0,0.0,0.0,0.0
wgf,0.0,0.6,0.0,0.4,0.0,0.0,0.0,0.0,0.0,0.0
wgh,0.0,0.6,0.0,0.2,0.0,0.2,0.0,0.0,0.0,0.0
wgi,0.0,0.5,0.0,0.4,0.0,0.1,0.0,0.0,0.0,0.0
wgj,0.0,0.5,0.0,0.4,0.0,0.1,0.0,0.0,0.0,0.0
wgl,0.0,0.5,0.0,0.4,0.0,0.1,0.0,0.0,0.0,0.0
wgm,0.0,0.5,0.0,0.5,0.0,0.0,0.0,0.0,0.0,0.0
wgn,0.0,0.333333333,0.333333333,0.333333333,0.0,0.0,0.0,0.0,0.0,0.0
wgo,0.0,0.222222222,0.444444444,0.333333333,0.0,0.0,0.0,0.0,0.0,0.0
wgp,0.0,0.222222222,0.444444444,0.333333333,0.0,0.0,0.0,0.0,0.0,0.0
wgq,0.0,0.333333333,0.333333333,0.333333333,0.0,0.0,0.0,0.0,0.0,0.0
wgr,0.0,0.222222222,0.444444444,0.333333333,0.0,0.0,0.0,0.0,0.0,0.0
wgs,0.0,0.333333333,0.333333333,0.333333333,0.0,0.0,0.0,0.0,0.0,0.0
wgt,0.0,0.0,0.777777778,0.222222222,0.0,0.0,0.0,0.0,0.0,0.0
wgw,0.230769231,0.153846154,0.307692308,0.307692308,0.0,0.0,0.0,0.0,0.0,0.0
whh,0.214285714,0.142857143,0.428571429,0.142857143,0.0,0.071428571,0.0,0.0,0.0,0.0
whk,0.230769231,0.307692308,0.230769231,0.0,0.0,0.230769231,0.0,0.0,0.0,0.0
whm,0.230769231,0.384615385,0.153846154,0.0,0.0,0.153846154,0.076923077,0.0,0.0,0.0
whp,0.214285714,0.285714286,0.142857143,0.285714286,0.0,0.071428571,0.0,0.0,0.0,0.0
whq,0.214285714,0.357142857,0.142857143,0.0,0.0,0.285714286,0.0,0.0,0.0,0.0
whr,0.214285714,0.214285714,0.357142857,0.142857143,0.0,0.071428571,0.0,0.0,0.0,0.0
wht,0.272727273,0.181818182,0.454545455,0.090909091,0.0,0.0,0.0,0.0,0.0,0.0
whv,0.272727273,0.090909091,0.636363636,0.0,0.0,0.0,0.0,0.0,0.0,0.0
whw,0.5,0.0,0.0,0.5,0.0,0.0,0.0,0.0,0.0,0.0
why,0.25,0.166666667,0.583333333,0.0,0.0,0.0,0.0,0.0,0.0,0.0
whz,0.272727273,0.454545455,0.0,0.272727273,0.0,0.0,0.0,0.0,0.0,0.0
wib,0.25,0.333333333,0.166666667,0.25,0.0,0.0,0.0,0.0,0.0,0.0
wig,0.230769231,0.153846154,0.230769231,0.384615385,0.0,0.0,0.0,0.0,0.0,0.0
wil,0.230769231,0.384615385,0.153846154,0.0,0.0,0.0,0.0,0.230769231,0.0,0.0
wim,0.230769231,0.384615385,0.153846154,0.0,0.0,0.230769231,0.0,0.0,0.0,0.0
wio,0.230769231,0.230769231,0.0,0.538461538,0.0,0.0,0.0,0.0,0.0,0.0
wip,0.461538462,0.0,0.0,0.538461538,0.0,0.0,0.0,0.0,0.0,0.0
wiq,0.230769231,0.384615385,0.0,0.230769231,0.153846154,0.0,0.0,0.0,0.0,0.0
wir,0.25,0.333333333,0.416666667,0.0,0.0,0.0,0.0,0.0,0.0,0.0
wiu,0.0,0.538461538,0.461538462,0.0,0.0,0.0,0.0,0.0,0.0,0.0
wiv,0.0,0.75,0.25,0.0,0.0,0.0,0.0,0.0,0.0,0.0
wjb,0.285714286,0.428571429,0.0,0.0,0.0,0.142857143,0.0,0.0,0.0,0.142857143
wjc,0.19047619,0.571428571,0.142857143,0.095238095,0.0,0.0,0.0,0.0,0.0,0.0
wjd,0.166666667,0.5,0.25,0.083333333,0.0,0.0,0.0,0.0,0.0,0.0
wje,0.0,0.166666667,0.0,0.5,0.333333333,0.0,0.0,0.0,0.0,0.0
wjf,0.0,0.333333333,0.0,0.5,0.0,0.0,0.166666667,0.0,0.0,0.0
wjg,0.0,0.166666667,0.0,0.5,0.0,0.333333333,0.0,0.0,0.0,0.0
wji,0.0,0.333333333,0.0,0.5,0.0,0.166666667,0.0,0.0,0.0,0.0
wjr,0.333333333,0.111111111,0.0,0.555555556,0.0,0.0,0.0,0.0,0.0,0.0
wkf,0.25,0.166666667,0.333333333,0.25,0.0,0.0,0.0,0.0,0.0,0.0
wkh,0.214285714,0.142857143,0.214285714,0.285714286,0.142857143,0.0,0.0,0.0,0.0,0.0
wkj,0.5,0.0,0.0,0.5,0.0,0.0,0.0,0.0,0.0,0.0
wkl,0.272727273,0.545454545,0.0,0.181818182,0.0,0.0,0.0,0.0,0.0,0.0
wkp,0.214285714,0.142857143,0.214285714,0.214285714,0.214285714,0.0,0.0,0.0,0.0,0.0
wkq,0.2,0.266666667,0.2,0.0,0.0,0.0,0.333333333,0.0,0.0,0.0
wkr,0.285714286,0.428571429,0.0,0.0,0.0,0.142857143,0.0,0.0,0.0,0.142857143
wku,0.285714286,0.238095238,0.380952381,0.095238095,0.0,0.0,0.0,0.0,0.0,0.0
wkw,0.214285714,0.535714286,0.214285714,0.035714286,0.0,0.0,0.0,0.0,0.0,0.0
wla,0.1,0.4,0.0,0.3,0.0,0.0,0.2,0.0,0.0,0.0
wlb,0.1,0.4,0.0,0.0,0.4,0.1,0.0,0.0,0.0,0.0
wle,0.333333333,0.0,0.0,0.333333333,0.0,0.333333333,0.0,0.0,0.0,0.0
wlf,0.333333333,0.0,0.0,0.333333333,0.333333333,0.0,0.0,0.0,0.0,0.0
wlg,0.1,0.2,0.3,0.1,0.0,0.3,0.0,0.0,0.0,0.0
wlh,0.111111111,0.444444444,0.0,0.111111111,0.333333333,0.0,0.0,0.0,0.0,0.0
wlk,0.0,0.6,0.0,0.2,0.0,0.2,0.0,0.0,0.0,0.0
wll,0.0,0.4,0.0,0.6,0.0,0.0,0.0,0.0,0.0,0.0
wlm,0.0,0.777777778,0.0,0.0,0.111111111,0.0,0.0,0.0,0.0,0.111111111
wln,0.0,0.7,0.0,0.0,0.0,0.2,0.0,0.0,0.0,0.1
wlp,0.0,0.6,0.0,0.2,0.0,0.0,0.0,0.0,0.0,0.2
wlq,0.0,0.4,0.0,0.6,0.0,0.0,0.0,0.0,0.0,0.0
wlr,0.0,0.4,0.0,0.6,0.0,0.0,0.0,0.0,0.0,0.0
wls,0.0,0.4,0.0,0.6,0.0,0.0,0.0,0.0,0.0,0.0
wlt,0.0,0.4,0.0,0.6,0.0,0.0,0.0,0.0,0.0,0.0
wlu,0.0,0.6,0.0,0.3,0.0,0.0,0.0,0.1,0.0,0.0
wmc,0.076923077,0.307692308,0.538461538,0.0,0.076923077,0.0,0.0,0.0,0.0,0.0
wme,0.166666667,0.5,0.25,0.083333333,0.0,0.0,0.0,0.0,0.0,0.0
wmg,0.230769231,0.307692308,0.230769231,0.076923077,0.0,0.153846154,0.0,0.0,0.0,0.0
wmi,0.166666667,0.5,0.25,0.083333333,0.0,0.0,0.0,0.0,0.0,0.0
wmp,0.25,0.5,0.0,0.166666667,0.0,0.0,0.0,0.0,0.0,0.083333333
wmt,0.5,0.0,0.0,0.5,0.0,0.0,0.0,0.0,0.0,0.0
wmv,0.230769231,0.307692308,0.0,0.307692308,0.153846154,0.0,0.0,0.0,0.0,0.0
wmy,0.285714286,0.285714286,0.0,0.285714286,0.071428571,0.0,0.0,0.0,0.0,0.071428571
wmz,0.285714286,0.142857143,0.357142857,0.071428571,0.0,0.142857143,0.0,0.0,0.0,0.0
wna,0.083333333,0.5,0.416666667,0.0,0.0,0.0,0.0,0.0,0.0,0.0
wnd,0.166666667,0.5,0.25,0.083333333,0.0,0.0,0.0,0.0,0.0,0.0
wne,0.0,0.666666667,0.0,0.266666667,0.0,0.066666667,0.0,0.0,0.0,0.0
wnh,0.285714286,0.333333333,0.380952381,0.0,0.0,0.0,0.0,0.0,0.0,0.0
wnm,0.142857143,0.571428571,0.095238095,0.19047619,0.0,0.0,0.0,0.0,0.0,0.0
wno,0.285714286,0.333333333,0.333333333,0.047619048,0.0,0.0,0.0,0.0,0.0,0.0
wnz,0.238095238,0.285714286,0.285714286,0.19047619,0.0,0.0,0.0,0.0,0.0,0.0
wse,0.0,0.666666667,0.0,0.0,0.0,0.166666667,0.0,0.0,0.0,0.166666667
xfc,0.285714286,0.523809524,0.19047619,0.0,0.0,0.0,0.0,0.0,0.0,0.0
xfe,0.142857143,0.476190476,0.095238095,0.285714286,0.0,0.0,0.0,0.0,0.0,0.0
xff,0.142857143,0.428571429,0.380952381,0.047619048,0.0,0.0,0.0,0.0,0.0,0.0
xfg,0.142857143,0.428571429,0.380952381,0.047619048,0.0,0.0,0.0,0.0,0.0,0.0
xfh,0.142857143,0.523809524,0.285714286,0.047619048,0.0,0.0,0.0,0.0,0.0,0.0
xfs,0.142857143,0.571428571,0.238095238,0.047619048,0.0,0.0,0.0,0.0,0.0,0.0
xfz,0.375,0.125,0.0,0.375,0.0,0.125,0.0,0.0,0.0,0.0
yfc,0.333333333,0.111111111,0.0,0.333333333,0.0,0.111111111,0.0,0.111111111,0.0,0.0
yfd,0.333333333,0.0,0.0,0.333333333,0.0,0.0,0.0,0.333333333,0.0,0.0
yfj,0.333333333,0.111111111,0.0,0.0,0.0,0.0,0.0,0.555555556,0.0,0.0
yfl,0.333333333,0.0,0.0,0.555555556,0.111111111,0.0,0.0,0.0,0.0,0.0
yfm,0.333333333,0.111111111,0.0,0.0,0.0,0.333333333,0.0,0.222222222,0.0,0.0
yfo,0.333333333,0.0,0.0,0.333333333,0.0,0.0,0.0,0.0,0.333333333,0.0
yfq,0.333333333,0.111111111,0.0,0.333333333,0.0,0.0,0.222222222,0.0,0.0,0.0
yfr,0.375,0.125,0.0,0.375,0.0,0.125,0.0,0.0,0.0,0.0
yfs,0.3,0.0,0.0,0.5,0.2,0.0,0.0,0.0,0.0,0.0
yft,0.3,0.0,0.0,0.3,0.4,0.0,0.0,0.0,0.0,0.0
yfu,0.333333333,0.0,0.0,0.555555556,0.111111111,0.0,0.0,0.0,0.0,0.0
yfw,0.0,0.222222222,0.555555556,0.222222222,0.0,0.0,0.0,0.0,0.0,0.0
yfy,0.0,0.6,0.0,0.2,0.0,0.2,0.0,0.0,0.0,0.0
zfc,0.0,0.6,0.1,0.0,0.0,0.1,0.0,0.2,0.0,0.0
zfd,0.0,0.6,0.0,0.2,0.0,0.2,0.0,0.0,0.0,0.0
zfe,0.0,0.5,0.0,0.4,0.0,0.1,0.0,0.0,0.0,0.0
zfi,0.0,0.222222222,0.666666667,0.0,0.0,0.111111111,0.0,0.0,0.0,0.0
zfj,0.0,0.3,0.4,0.2,0.0,0.0,0.0,0.1,0.0,0.0
zfk,0.0,0.4,0.3,0.2,0.0,0.0,0.0,0.1,0.0,0.0
zfl,0.0,0.2,0.4,0.4,0.0,0.0,0.0,0.0,0.0,0.0
zfm,0.0,0.333333333,0.333333333,0.333333333,0.0,0.0,0.0,0.0,0.0,0.0
zfn,0.0,0.777777778,0.0,0.0,0.0,0.111111111,0.0,0.111111111,0.0,0.0
zfo,0.0,0.3,0.4,0.2,0.0,0.1,0.0,0.0,0.0,0.0
zfp,0.0,0.444444444,0.333333333,0.222222222,0.0,0.0,0.0,0.0,0.0,0.0
zfq,0.0,0.111111111,0.666666667,0.222222222,0.0,0.0,0.0,0.0,0.0,0.0
zfv,0.0,0.777777778,0.0,0.0,0.0,0.0,0.222222222,0.0,0.0,0.0
zfw,0.0,0.7,0.0,0.0,0.0,0.0,0.0,0.0,0.3,0.0
zfx,0.0,0.6,0.0,0.4,0.0,0.0,0.0,0.0,0.0,0.0
zfy,0.0,0.3,0.4,0.3,0.0,0.0,0.0,0.0,0.0,0.0
zga,0.0,0.666666667,0.0,0.0,0.333333333,0.0,0.0,0.0,0.0,0.0
zni,0.0,0.166666667,0.0,0.666666667,0.0,0.0,0.0,0.0,0.0,0.166666667
zzz,0.0,0.1875,0.0,0.75,0.0,0.0,0.0,0.0625,0.0,0.0
